id,charged_off
57146,1
20988,1
10031,0
33892,0
35374,0
54509,0
27804,0
17725,0
49577,0
55438,0
21517,1
45624,0
14200,1
21029,0
35752,0
48585,0
39464,1
22756,1
21560,0
43488,0
38218,1
18564,0
34114,0
36173,1
42852,0
46995,0
36674,0
27144,0
17822,1
11861,1
33312,0
48008,1
34765,1
49172,0
56838,1
24169,0
35650,0
48147,1
11614,1
48056,1
35409,0
51379,1
38143,1
24679,1
51451,0
36640,0
28535,0
34436,0
20923,1
29851,0
50234,0
24823,0
41103,0
16946,0
54791,1
53627,1
49481,1
55919,0
46390,1
55939,0
14163,1
23691,0
32915,1
39358,0
21380,0
39149,0
38419,1
29413,0
43495,0
25592,1
30935,1
37372,1
15078,0
38067,0
36939,0
49816,1
20462,1
21135,0
22566,0
54585,1
44573,0
12587,0
32262,1
26578,1
47292,0
12199,0
39890,1
38688,0
34620,1
10413,1
10449,0
37895,0
52124,1
30877,0
14079,1
55102,1
46726,0
32822,1
42783,0
54630,0
22081,0
34797,0
42564,1
32214,0
36425,0
53927,1
41148,0
13557,0
47917,1
56087,0
40835,1
15095,1
23257,0
41863,0
36983,0
44548,1
29481,0
12218,0
43586,1
46051,0
25355,1
11276,1
23440,1
42261,0
28272,0
42505,0
55182,1
16451,1
53124,1
15088,0
36084,0
39315,1
39733,1
49374,0
11003,0
31731,0
52380,0
27912,0
52025,1
48101,0
32891,0
56881,0
24898,0
37867,0
47363,0
40046,1
14360,0
57097,0
53884,0
24529,0
54543,0
53954,0
43567,0
55028,1
23456,0
35932,0
48127,0
29155,1
55598,0
41086,0
33345,0
50574,0
40438,1
42811,1
31816,1
20039,0
54807,0
21057,0
28820,0
22086,0
38065,1
12848,1
25886,0
16620,0
52164,0
39627,0
17471,0
40332,1
51984,1
29046,0
35993,0
38346,0
49547,0
46882,1
49155,0
51837,0
11841,1
13766,0
19040,0
42678,1
31571,0
43038,1
54998,0
45937,1
50736,1
49575,0
14056,0
28255,1
23652,0
45773,1
24090,1
14317,0
49584,1
54418,0
47141,0
18548,1
26493,1
19442,1
47283,1
30224,0
34525,0
48336,0
29986,0
43144,1
55745,1
13094,1
31460,1
42165,1
16425,0
27519,1
54169,1
16285,1
37026,0
31118,0
55994,1
20044,0
54277,0
45389,0
48819,1
36088,0
31764,0
22865,1
34519,0
11186,0
21260,0
45193,1
48219,0
45615,0
13417,0
53114,0
31006,1
40200,0
10594,0
35969,0
44371,1
39240,0
23218,0
40069,0
31656,1
10389,0
40531,0
19582,1
51487,1
39347,0
20482,0
12420,0
50554,1
22115,0
13746,0
37546,1
54028,0
19610,1
50939,0
49592,0
18338,0
49512,1
23488,0
19603,1
49099,0
45540,0
50897,1
56313,0
10382,0
21079,0
30779,0
27024,1
20245,1
19223,0
41091,1
33099,0
34682,0
39971,0
54561,1
35908,1
23732,0
11534,0
53004,0
31451,1
30998,1
20894,0
28703,0
10141,0
17699,0
29761,1
47263,0
17987,1
47868,0
40851,0
23844,0
17315,1
47430,0
23657,1
45680,1
47896,0
38541,0
32812,1
26123,0
45862,1
51382,0
11041,1
50228,0
36379,1
33042,1
22003,0
29654,0
28726,1
48926,0
30213,0
26246,0
54015,1
17354,1
42440,1
29971,0
12716,0
21678,0
19087,0
33898,1
51442,1
23075,0
21005,1
12175,1
11369,0
34935,0
10561,1
45005,0
33504,0
55556,1
56217,1
31034,1
19122,0
29690,0
51057,1
56121,0
54643,0
35292,0
18672,0
46368,1
40611,1
51655,0
25846,0
28315,1
56154,0
50460,1
53631,1
44370,0
43946,0
34510,1
12845,0
45047,1
51269,0
47285,0
24834,1
46302,0
21364,0
31434,1
52162,1
36803,0
39824,0
47464,0
32677,1
54668,1
32842,0
36166,0
11444,0
48985,0
27180,1
33733,1
36030,0
20693,0
13437,0
37661,1
21217,0
38249,1
36566,1
50034,0
26495,1
56652,0
23723,0
18918,0
24604,0
49021,0
24985,0
42586,0
30773,0
34664,0
52342,1
38428,0
55828,1
12696,0
29776,0
32447,0
46973,0
32217,1
33455,1
24146,0
48764,0
11829,1
19515,0
12488,1
43571,1
14620,1
30173,0
20430,1
18764,0
28412,0
16843,0
54148,1
31989,1
29306,0
41134,0
24763,1
27543,0
53853,0
31175,1
49221,1
21782,0
26556,0
55616,1
37064,1
53402,1
42625,0
39321,0
19923,0
21745,1
36744,0
42639,0
19744,0
45200,0
48796,1
48344,1
37911,1
29161,0
52855,0
34633,0
39310,0
13117,0
41931,0
36465,0
37125,1
49550,1
52177,0
17547,0
31615,1
25824,0
31745,1
32761,1
30348,0
15150,0
36418,0
20546,0
17921,1
11771,0
16094,1
22768,1
56926,0
23547,0
42709,1
52249,1
51850,1
16819,0
13806,0
52699,0
24814,0
32736,0
29995,0
23023,1
29211,1
47371,1
35757,0
33193,0
15313,1
18029,0
31161,0
27231,0
45542,0
51406,1
54106,1
27156,0
39206,0
17230,1
14611,0
20618,1
29361,1
44658,1
34051,0
50420,1
38918,1
34753,0
11948,0
21210,0
10736,0
50990,1
46224,0
33881,0
54539,1
54778,0
36102,1
47171,1
56974,1
26937,0
48534,1
52782,1
26755,1
47092,1
40742,0
40726,0
13865,1
42604,1
40497,1
30380,0
23152,1
46733,0
26570,0
14739,1
21619,0
42247,0
52418,0
41963,1
39972,0
21822,1
22151,0
14840,0
20101,0
41205,1
39178,0
40163,1
53624,0
35170,0
14489,1
50601,0
12399,1
33675,1
36014,0
20161,0
44289,1
15387,0
36400,1
39303,0
30253,0
35981,1
14925,0
47506,0
53693,1
42309,0
18083,1
15877,1
49072,0
13945,1
31492,1
35115,0
14975,1
17328,1
42949,0
46181,0
36604,0
52388,1
45797,0
13240,1
31248,0
40224,0
43832,0
44038,1
15031,0
15337,1
51086,0
48128,0
56985,0
52182,0
29940,1
10367,1
47786,0
44610,0
29307,0
24342,1
33634,1
51566,1
56170,0
36091,1
54134,1
32462,1
37687,0
39432,0
56672,0
55308,0
28391,0
43328,1
53148,0
12550,0
17426,0
44434,0
24578,1
16628,0
27884,0
53595,0
27928,0
35853,1
54159,1
50231,1
49111,1
37802,1
54567,1
32351,0
20514,0
10598,0
29825,0
34003,0
31038,1
36820,0
12046,0
26270,0
35364,1
48861,0
38036,1
40827,1
30904,0
12080,1
52036,0
34670,1
17034,0
47438,1
27664,1
19746,1
50059,0
41537,1
52927,0
52909,1
31759,0
26580,0
26541,1
47318,0
30960,0
10773,1
18860,0
27136,1
24944,1
38726,0
56270,0
13271,1
22416,0
55866,0
55424,1
34559,1
12574,0
32391,0
37805,0
29254,1
55247,1
53965,1
22611,0
34940,0
12153,1
27281,1
37839,0
26653,0
31114,0
33847,1
18030,1
56748,0
51531,1
36439,0
43922,0
45329,1
45590,0
38542,0
28749,0
13186,0
30517,0
36022,0
17329,0
10303,1
12189,1
43354,1
23660,0
43339,1
15733,0
53511,0
16422,1
25430,0
11559,0
33348,0
24812,0
55331,0
50569,0
18718,1
11850,0
34320,1
10049,0
30273,0
43489,1
21508,0
56457,0
31092,1
11667,1
36700,0
29373,0
25388,0
48142,1
23151,0
51834,0
24491,0
16635,0
26122,0
21009,1
55551,1
48227,0
33789,1
54997,1
11102,0
18559,1
15300,0
21047,0
35444,0
35013,1
41572,1
30439,1
56830,0
38870,0
44825,0
11640,1
54197,0
33194,1
35741,0
45326,0
55117,0
39701,1
16525,0
35071,1
30395,0
24429,0
14685,1
17833,0
32222,0
29385,0
24618,1
10348,0
38017,0
44393,0
55022,1
56165,0
30722,0
14916,0
47908,1
34268,1
35259,1
44187,0
33413,0
29198,0
18919,1
41886,0
36480,1
25162,1
48496,1
29178,0
39220,0
22268,1
42167,0
35101,0
30187,1
30272,0
49356,1
30680,0
27265,1
22780,0
43323,0
13921,1
17031,0
37935,0
43551,0
27723,0
18751,0
22842,0
42867,0
52597,0
38118,0
45095,0
17275,0
25490,1
46464,0
32631,1
28361,0
31622,1
45934,0
22777,1
34240,1
35425,0
12899,0
33395,1
34948,0
33556,1
20012,0
46813,1
52808,0
43180,1
46203,1
23813,0
16510,1
41302,0
19057,0
32368,0
27412,0
19487,1
37383,0
28447,0
44391,0
37353,0
28419,1
47867,1
12662,1
38658,0
35403,0
30428,1
23766,1
13320,0
42716,0
10434,0
39619,0
27708,1
49956,1
22718,0
29949,0
12595,0
53563,0
33309,0
41233,1
43028,0
44988,1
48304,0
53865,0
50751,0
52320,0
47763,1
20421,0
41120,0
56272,0
48057,0
37654,0
53923,1
27976,1
30906,1
33605,0
10769,1
56338,0
37076,0
48055,0
13692,0
41914,1
52262,1
54894,0
37080,0
13426,0
10976,0
28841,1
21341,0
17419,0
51466,1
24488,1
31457,0
17131,1
11321,0
42034,0
26543,1
26343,0
16547,0
27770,0
49019,0
43865,0
36387,0
24407,1
55835,1
25749,0
32839,0
48932,0
56493,1
48257,0
14996,0
29212,1
36278,0
20513,1
52348,1
43157,0
18186,1
40171,1
16736,0
56243,0
28077,1
16691,0
45596,0
54774,0
40061,0
49712,1
10535,0
27879,0
54163,0
17157,1
11467,0
24508,1
46879,1
33000,0
53186,0
29287,1
23354,0
34202,0
23327,0
14563,1
15430,0
17446,0
31439,0
14628,0
36746,0
36277,0
16629,1
53836,0
31400,0
49910,0
10326,0
20485,0
18670,0
47089,0
17007,0
53666,1
53626,1
18854,0
19013,0
45021,1
17916,0
26015,1
37886,0
23702,1
49095,0
36597,0
31973,0
57153,0
35979,1
28238,1
29868,0
40667,1
12532,1
52953,1
12557,0
46044,1
55988,1
25620,1
23543,1
49424,1
35596,1
55011,1
16772,0
44223,0
15240,0
16835,0
13372,1
36459,0
53183,1
31512,1
38599,0
41111,1
12872,1
11706,1
36656,1
36757,1
49960,1
43802,1
26579,0
25188,0
46403,1
35443,0
48584,1
30108,0
39173,0
39770,0
44668,1
21042,1
38717,0
23599,0
11099,1
11204,0
28566,0
16876,0
34570,0
28291,1
34159,0
14560,0
49346,0
12741,0
28392,0
39291,0
25096,1
21401,0
55390,0
15909,0
25423,1
42227,0
48106,0
15476,1
24551,0
28469,0
52142,0
45586,0
56360,0
41399,1
34318,1
52218,0
54228,0
48743,0
36133,1
16439,1
40394,0
44013,0
41318,0
20556,1
54770,0
35288,0
36140,0
14368,0
46764,0
47760,1
21658,1
47646,1
16698,1
51760,0
54526,0
12251,1
50381,0
20375,0
32261,1
26512,1
41150,0
20356,1
55327,1
34851,0
34447,1
46810,0
48658,0
10033,0
35664,1
38380,0
38331,0
31123,0
20139,0
37671,0
29432,0
37811,0
36012,0
54477,1
12121,0
48651,1
18539,0
41521,0
40651,1
22618,0
18808,0
31226,0
55086,0
52222,0
42572,1
29903,1
27361,1
54397,1
29382,0
28846,1
22442,0
44581,0
46537,0
20415,0
26681,1
52073,0
21465,0
26494,1
40968,0
46077,0
10963,1
50297,1
10161,0
44075,1
47478,1
48833,1
50921,1
11765,1
10013,1
36955,0
34298,0
41133,0
14673,1
42940,1
54232,1
21309,0
36170,1
25663,1
52244,0
35769,0
37704,0
18268,0
17568,0
43805,1
40036,1
22179,0
22861,0
12159,1
31822,0
27590,0
38731,1
49917,0
55083,1
31459,1
37889,0
52473,0
22295,1
48210,1
18060,1
57178,1
36726,0
35037,1
18411,0
10058,1
31985,1
30604,1
54776,1
35020,1
35109,0
40650,1
25939,0
47114,0
16160,1
18496,0
46673,0
55613,1
47144,0
28276,1
44996,0
28751,0
22954,1
32684,0
28267,1
15709,0
34939,1
35712,1
52530,1
47582,0
17453,1
22455,1
35843,0
52197,0
28470,0
36807,0
48239,0
11078,0
17680,0
10224,0
17259,0
19283,1
52179,1
51690,1
50076,0
20027,0
56522,1
11071,1
28997,0
54243,0
24669,1
30894,0
13455,0
29869,1
20916,1
10749,1
53730,1
56864,0
41623,0
53708,0
19085,0
38482,0
53621,0
45391,0
50056,0
43188,0
47277,0
18697,0
32953,1
20181,1
18627,0
54413,0
30354,0
47188,1
52921,1
14020,0
23912,0
13801,1
22693,1
37947,1
48192,1
31230,1
24017,0
25811,0
13265,0
37429,0
33665,0
39212,0
56265,1
43439,0
35483,1
43949,1
24565,0
15525,0
37576,0
47136,0
52615,0
51856,0
20849,0
14534,0
20873,1
43544,0
47749,1
38332,0
15679,1
43759,0
30819,1
22105,0
31569,0
28290,1
37316,0
31165,0
13021,1
29218,0
22680,0
12146,0
40947,0
35199,1
46507,0
41027,0
53888,0
37001,1
43498,1
19388,1
11496,1
43543,0
53313,1
48492,1
39877,1
23077,1
18220,0
51621,0
52502,0
27224,1
55168,1
15872,1
30786,1
12456,1
38350,1
50927,0
24421,1
47291,0
18281,0
55615,1
24768,1
53751,1
37900,0
23484,1
19670,0
28620,0
56232,1
44852,0
13738,0
19212,0
38549,0
50583,0
37898,1
44112,0
12145,0
32367,0
37317,1
26204,1
45124,1
11343,0
10277,0
11315,1
18439,0
21490,0
21681,0
41910,1
14879,1
20388,1
54750,1
36692,0
20470,0
47042,1
13792,0
19194,0
40321,0
41250,1
53231,1
43964,0
13392,0
20150,0
26659,0
53389,0
20208,1
11263,1
14247,1
50903,0
40978,1
29012,0
36078,1
53798,1
41531,1
31704,0
51754,1
22207,1
22676,1
54965,1
24619,0
12147,0
12669,0
47072,0
30536,0
51386,0
14330,1
37994,0
26092,1
10876,1
31632,0
39845,1
19932,0
17834,1
52269,0
24972,0
27113,0
18523,0
34495,0
21800,0
32226,0
27423,0
13946,1
49505,0
44269,1
37826,0
29004,0
15793,1
31812,0
19255,0
42972,1
55213,0
22909,1
39843,0
21633,0
44302,0
32949,1
33682,0
46331,0
53443,1
13858,0
29708,1
55719,0
48927,0
13833,0
11911,1
16833,0
37542,0
43977,0
24197,1
39032,0
12369,0
12834,0
50451,0
41409,0
34863,1
15713,0
40956,1
48380,1
31863,0
17497,0
31677,1
22623,0
31183,0
50697,0
33587,1
37438,0
45444,1
50916,0
56400,0
42909,1
49927,1
49104,1
16248,0
42350,1
29014,0
22124,0
32716,1
14923,0
35206,1
31389,0
29911,1
14273,1
47983,1
36396,1
33270,0
14938,1
48913,0
11234,0
38552,1
41713,0
18528,0
10846,1
41728,1
48644,1
42936,0
15694,0
54314,1
52686,0
29020,0
18582,0
52008,1
38803,0
54677,1
38787,0
19480,0
54981,0
26760,0
40201,1
41511,1
14761,1
33883,1
11005,0
45456,0
46140,1
32707,0
40267,1
34087,1
56321,0
54679,0
44113,0
13800,1
10079,0
43797,0
52062,0
34182,1
43668,0
20527,1
54881,0
54387,0
46480,1
36320,0
40320,0
25017,1
43324,0
36702,0
34822,1
50956,0
15903,0
36676,1
19839,0
56066,0
13483,1
16813,1
51390,0
28429,0
32643,1
29275,1
17282,1
25674,0
52048,1
19871,1
42966,0
13439,1
26525,0
56645,0
12634,1
53880,1
54623,0
35235,1
12916,0
24997,0
54091,0
12019,1
36329,0
55723,1
20633,1
24624,1
19941,1
56111,0
51334,1
25579,0
42776,1
25371,1
13871,1
46891,1
41741,1
21091,1
31794,0
15445,0
40076,0
51550,0
21946,1
46577,1
27449,1
10273,1
52852,0
44406,1
18561,1
25464,0
18098,1
28842,0
36580,0
56843,1
10780,0
56216,0
36923,0
30940,0
22077,0
14651,0
43004,0
18763,0
50179,0
24717,0
49066,0
56156,0
18701,1
25285,0
42833,0
11230,1
16859,1
53647,0
17653,0
20390,0
50852,0
43034,0
28093,1
14746,1
55887,0
17063,1
49016,0
10255,0
47592,1
48790,0
12877,0
31397,1
45452,1
35812,0
29699,1
53709,1
10297,1
37781,0
19810,1
56972,0
41357,1
54766,0
42271,1
47608,0
27110,0
11740,1
35340,0
14125,0
23910,1
21735,1
57061,0
46613,0
35335,1
45837,1
50009,0
56398,0
11880,0
19561,0
49227,0
10014,0
23194,0
31592,0
52169,1
46211,1
11810,1
23408,0
24445,0
39018,0
44808,0
43063,0
30994,1
22793,1
15966,1
48772,1
15168,0
52032,1
40146,1
12871,1
42535,0
27324,1
52693,0
48327,0
41895,1
40584,1
38859,0
56462,0
38030,1
22041,0
45373,0
13074,1
19711,1
10313,0
25694,0
26909,1
16310,1
24683,0
44927,0
53890,1
17071,0
14373,1
55018,1
29293,0
21166,1
15263,1
28448,0
17687,1
22945,0
47935,1
26582,0
31105,1
40114,0
52280,0
37788,0
32944,0
19139,1
18236,1
46375,0
10634,0
17276,0
19986,0
11709,1
10470,1
29667,0
55950,0
26425,0
16465,1
45158,1
13015,0
27504,0
13343,0
29103,1
28251,0
32625,1
18046,1
35355,0
13224,0
45860,0
46095,0
38314,0
39599,0
40696,1
29620,1
11375,1
16108,1
39948,1
55440,0
53524,1
51518,1
26841,1
45262,1
45078,0
55286,0
26415,0
17277,1
19145,0
53400,1
50401,1
53190,1
44613,1
29330,1
11307,1
25547,0
32885,0
45793,1
18219,0
30692,1
40142,0
29893,0
51938,0
18504,0
12238,1
45331,1
22022,1
11517,0
27665,0
23828,0
34758,1
46460,0
51045,0
10456,1
30196,0
27917,1
36019,1
45598,0
42721,1
14375,0
21314,0
20974,1
41780,1
26039,1
48974,1
56963,1
29244,1
41453,1
24110,0
18594,0
16733,0
23226,1
54742,1
12452,1
42933,0
16677,1
56370,0
21115,1
19124,0
42536,0
18961,0
17617,0
39109,1
25014,1
21248,1
23579,0
12478,0
29847,0
33416,1
54971,1
32040,1
33606,0
37514,1
39837,0
54831,0
21582,0
47877,0
18853,1
34882,1
24579,0
17067,0
44265,0
12693,0
44821,0
14763,1
35075,1
26252,1
51219,0
20578,0
55394,0
17438,0
51223,1
10797,1
35486,0
50220,1
36467,0
34065,1
43988,0
11136,0
33035,0
44098,0
56428,1
40311,0
55374,1
23401,0
35954,0
23924,1
25530,0
44545,0
48522,0
25011,1
37804,1
12342,0
42368,1
35929,0
18155,1
22069,1
44960,1
46011,0
14387,0
51318,1
26685,1
38567,0
50485,0
19793,0
36642,1
17170,0
46488,1
35659,0
34168,0
21413,0
13221,1
49600,0
47673,0
11066,0
50729,0
22473,1
46067,0
19985,0
37866,1
56979,1
51040,1
23858,0
49447,1
16692,0
15491,1
54404,1
38715,1
43299,1
22915,0
56031,0
52004,0
27557,0
34903,0
32608,0
32362,0
17996,1
30780,0
23530,0
53131,0
29458,1
19136,0
36834,0
42935,1
31885,0
56487,0
56690,1
14671,0
39668,0
54752,1
38545,0
53314,1
37403,1
18306,1
47398,1
19147,1
45682,0
44747,0
38905,0
28111,1
29558,1
16412,1
40862,0
31957,0
36283,1
51952,0
29116,0
26283,1
45192,0
35786,1
47049,0
18809,0
52106,0
28940,0
35053,0
47690,0
14154,0
35156,1
35592,1
30113,0
27897,1
16639,0
46031,1
41067,0
52738,1
10756,0
18835,0
39539,1
53528,0
35721,0
51883,1
54516,1
55282,0
55204,1
48880,0
10414,1
27134,0
33917,1
39442,0
17694,0
19193,0
30712,1
56378,0
41450,0
15899,0
19164,1
11430,0
11184,1
40435,1
35295,1
32024,1
25602,1
40091,0
24089,0
49954,0
54133,0
42772,0
40809,0
44498,0
37842,1
40551,0
24198,0
31269,0
22956,1
28831,1
31452,1
56006,0
51629,0
12168,0
38097,0
27669,1
41498,1
45700,0
17832,1
39281,1
32468,0
35709,0
50849,1
24909,1
50008,0
29705,0
49791,0
38271,0
13552,0
54174,1
43316,0
28395,0
46052,1
10689,0
36080,0
11580,0
42192,0
51758,0
36573,1
24856,0
22500,0
21142,1
54068,1
42870,1
28626,0
43347,1
56445,0
55190,0
10688,1
34147,1
42437,1
10896,1
53072,0
53071,0
27524,0
21834,0
44210,0
36452,0
33823,0
56705,1
51817,0
29855,0
56037,0
42718,0
29092,0
42680,1
43547,0
56366,0
12095,0
12929,0
32221,0
14052,0
15205,1
30205,0
48878,1
42302,0
38683,0
43580,0
37630,0
20437,0
11121,0
18630,0
37738,0
53822,0
15228,0
44985,0
32899,1
55478,1
10858,1
17770,0
56114,1
40316,0
51891,0
11140,1
35073,0
26924,0
15542,0
17358,0
44893,1
46260,0
16078,0
21540,0
54616,1
38630,1
26027,1
53967,0
51258,1
50848,1
53663,1
18533,1
54877,0
35718,0
33470,0
16023,0
20669,1
46929,1
41116,0
29593,0
27274,1
12169,1
18217,1
13017,0
13826,1
17877,0
38415,1
50672,0
43755,0
41751,1
54302,1
12212,0
11890,1
38246,0
26639,0
33429,0
37722,0
34714,0
42457,0
30888,0
31556,0
11153,0
54400,1
18192,0
11726,0
29488,0
55200,0
39020,1
32148,0
34982,0
26717,0
27870,0
56642,1
49267,0
43288,0
50825,1
20441,1
57021,0
34334,0
37746,0
28474,0
41576,1
55230,0
24962,0
27707,0
35002,1
24961,0
15829,0
29177,0
35111,1
54322,0
23640,0
21973,1
34788,1
40194,0
13394,0
56330,1
55381,1
14000,1
36192,0
34850,0
34346,0
41801,1
12217,1
50129,0
45407,1
19696,0
44707,1
40886,0
39411,0
41797,0
16781,0
55934,0
39478,1
17794,0
14349,1
50781,0
51749,0
21105,1
31200,0
36175,0
41971,1
54118,0
31446,1
30465,0
54305,0
26748,0
26491,0
16365,1
21328,0
56032,1
30095,1
13272,0
42013,0
23928,1
48402,1
48724,0
25051,1
43801,0
40243,1
27117,1
44846,0
55234,1
27699,0
14315,1
43292,0
53405,1
32611,0
32938,1
48537,0
45631,0
13430,1
21724,1
19825,0
12398,0
32328,1
27455,0
35910,1
35159,1
35079,0
47140,1
53193,1
44418,0
54103,0
52793,1
26429,0
46948,1
43449,1
29058,0
43018,0
15081,0
42808,1
48504,1
11285,0
21985,1
10417,0
12548,1
52208,0
23591,1
51635,1
54227,1
13293,0
21054,0
52630,1
31012,0
44341,0
51940,1
34954,1
35049,1
39925,0
51656,1
10448,1
20174,1
18980,0
30765,0
10790,0
38188,1
41368,0
23269,0
52457,1
19090,0
38794,0
30968,0
36247,1
20242,1
44541,0
44830,0
31904,0
21278,0
56954,0
11774,0
19776,1
38962,0
51488,0
10271,0
19382,1
19970,1
11594,1
28519,1
43381,0
15435,0
48710,0
44091,0
48163,0
37959,1
34987,0
43176,1
43722,0
13365,0
32574,1
54014,0
25479,0
39784,0
13144,0
22250,1
27971,1
26997,1
15754,0
22328,0
34480,0
22011,0
44350,0
24613,1
45305,1
48751,0
30392,1
51858,1
19953,1
26021,0
22140,0
30953,0
22982,1
50245,0
40743,1
29303,0
16806,1
20287,0
29008,0
41063,0
53035,0
24701,0
44551,1
28432,0
39051,1
51467,1
35963,1
16132,1
56007,0
43525,0
25269,0
48252,0
49630,1
14329,1
14100,0
51486,1
17789,0
46073,0
55846,0
27459,0
46720,0
43633,0
31484,1
12941,0
50483,0
18979,1
30876,0
11115,0
53015,0
11411,0
29120,1
47962,0
37086,1
25987,0
45385,1
26658,1
14442,0
27345,1
35423,0
11016,1
30485,0
22475,0
54872,0
41644,0
12650,1
37413,0
38335,1
55646,0
39872,0
51304,1
10239,0
37663,1
33872,0
32612,0
52214,1
16563,1
48390,0
13717,0
30785,0
49465,0
47981,0
36476,1
24114,1
39806,0
28049,1
34272,1
27005,0
50472,1
30133,0
57034,1
33349,0
52642,0
42173,1
25949,0
35030,0
39363,0
50680,1
34254,1
23139,1
22299,0
53227,0
37416,1
32727,1
25402,0
41697,1
26686,0
35145,0
12864,0
18572,1
19271,1
53010,0
19266,0
28664,0
41540,0
47065,0
24248,0
46528,0
38433,0
37381,0
50482,1
23452,0
16875,1
33863,1
49802,0
10957,0
13450,0
26026,0
45883,1
49558,0
37287,0
22586,0
46797,1
35615,1
39666,0
30735,0
51135,0
21956,1
10023,0
22161,0
15408,0
41810,1
30484,0
10402,1
10237,0
19132,0
56626,0
26826,0
15152,0
21721,1
39698,0
24886,1
53910,0
26054,0
36763,0
53558,1
11325,1
15929,0
15044,0
35348,0
11057,0
32220,1
48953,0
27756,1
18267,0
24365,1
12254,1
51497,0
52966,0
31964,1
42985,1
18078,1
10069,1
51273,0
53841,0
13241,0
26899,1
10070,1
47264,1
29105,0
17870,1
48565,0
12182,1
18260,1
52086,0
33718,1
44414,0
43071,1
15389,0
56256,1
48324,0
17957,0
26517,0
49537,0
25407,1
39083,0
49008,0
22454,0
12535,0
25267,1
26188,1
57062,1
54562,0
27728,0
29080,0
46085,1
33065,1
31054,0
32862,0
26293,1
33708,0
56498,0
36171,0
20519,1
26351,0
25702,0
44481,0
22762,0
35905,1
22620,1
41967,1
35177,1
33485,0
13016,0
34895,1
13563,0
10987,0
51737,1
21497,1
32300,0
37723,0
30310,1
39346,0
27647,0
19328,0
52096,0
19697,1
26339,0
44290,0
28782,0
28809,0
54371,1
51842,1
53567,0
46706,0
51145,0
28505,0
39685,0
14841,1
34271,1
44276,0
31078,0
28701,0
50833,0
43152,1
54374,1
44330,0
37503,0
50083,0
27218,0
40504,0
35878,1
55863,0
26756,1
20910,0
55510,1
55474,0
54396,0
51646,0
42246,1
39576,1
52778,0
51389,0
31010,1
12215,0
21474,0
10147,0
41167,1
10830,0
54216,1
16106,0
21541,1
47081,1
36524,0
46001,1
27720,0
39039,0
25090,0
20585,0
51264,1
30554,0
42363,0
53510,1
16315,0
16794,0
26862,1
57080,1
20520,1
18106,0
23181,0
41315,0
53575,0
41917,0
49852,0
20454,0
12601,1
21799,1
28915,0
32187,1
21060,0
43614,0
14990,1
20186,0
48353,1
13944,1
45599,1
17249,0
38532,0
20890,0
33083,1
55841,1
31060,1
19786,0
51179,1
55886,1
35909,0
12969,0
28702,1
24575,1
41805,1
45819,0
29711,0
46316,0
15767,0
35701,0
46538,0
46009,0
25680,1
17929,1
19606,1
53700,0
29417,1
47142,1
17890,0
13485,1
51286,0
21435,1
30243,0
50504,0
26391,1
32583,1
36550,0
18431,1
48728,0
41391,0
24288,1
20259,0
10505,0
15106,1
24151,1
52312,0
14991,1
41966,0
13959,0
30752,0
28594,0
14437,1
46513,1
40391,0
40260,0
13533,0
49396,0
27079,0
48181,1
35253,0
38921,1
31906,0
31908,0
26935,0
51204,0
20168,0
24381,0
48662,1
27454,1
45990,0
30890,0
41609,1
54467,0
30830,1
23848,1
12113,0
35312,0
11364,1
42705,0
48359,0
52861,0
14540,0
47790,0
14353,1
44912,0
31564,1
12502,0
30709,1
44195,1
40560,1
56997,0
16978,0
53758,0
53737,1
18092,1
33464,0
13412,1
26268,0
19963,0
21080,1
35567,1
56825,0
23542,0
30008,1
25991,1
24231,0
42408,1
39746,0
12200,0
30017,1
17000,0
36870,0
39239,0
40979,0
29522,0
12109,0
27622,0
40777,0
48268,0
29621,0
51907,1
55633,0
32248,1
41019,0
46617,1
24774,0
55289,0
15799,0
12248,1
45011,0
22892,0
41703,0
31324,1
57106,1
21575,1
35597,1
12211,0
25477,1
18476,0
20024,0
44166,1
18477,0
37157,1
42526,0
23615,0
18565,0
28099,0
29181,1
46984,1
30862,1
13751,1
26249,1
41599,0
22872,0
17816,1
10619,1
34378,0
51240,0
30290,0
35315,0
50037,1
30427,0
10975,1
34485,0
56685,0
49048,1
44727,1
49722,0
25965,0
54190,1
24816,0
48357,0
48821,1
19525,0
33230,0
51167,0
15400,0
31882,0
48170,0
13724,0
40692,0
19614,1
50300,0
12388,0
53466,0
21899,0
41658,0
12972,0
10714,1
31065,1
20965,1
14178,0
19631,0
44046,1
51069,1
12384,0
39665,1
21073,0
51674,0
16381,0
52623,0
15208,0
37471,1
37944,1
33790,0
25758,1
43065,0
40663,1
12177,0
25142,0
13784,0
50926,0
43230,1
46086,1
55890,0
42421,1
25881,1
14128,1
37470,1
48432,0
10842,0
33759,0
37223,0
31326,0
37494,0
52961,1
33628,1
41542,0
33791,0
53500,1
34278,0
42037,0
24513,1
34477,0
38880,0
45869,1
18075,0
17952,0
54272,0
45313,0
43818,1
16211,0
55767,1
28667,1
24334,0
29662,0
54601,0
34746,1
39060,0
28734,1
35678,0
21586,0
34377,0
28981,0
20363,0
25064,1
53205,1
55632,1
13908,1
11434,0
51650,0
37243,0
34590,1
31905,1
28674,1
23941,0
14300,1
24395,1
52979,0
53026,1
45117,0
50181,0
21202,1
31685,0
28157,1
18412,0
44931,1
38244,0
51209,0
32370,0
31804,1
21589,0
41039,0
56376,0
26231,0
53706,0
34226,0
42631,0
34972,0
52850,1
26887,0
15318,0
32782,1
36965,1
51370,0
25552,0
53133,0
22178,0
35719,1
34902,1
12131,0
25282,1
37286,1
35173,1
13522,0
28213,1
15109,1
56389,0
43991,0
28389,0
31813,1
45988,1
54699,0
15454,0
24315,0
44754,1
52110,0
39392,0
11796,0
22818,0
51502,1
50186,1
54405,0
41402,1
10491,0
31146,1
41957,1
21095,1
55340,0
27811,0
22853,0
26280,1
43315,0
11593,1
34317,0
32525,1
12680,0
16090,0
31531,0
13118,0
24594,0
19577,0
42046,1
41126,0
24400,0
46288,0
13167,1
41723,0
31191,1
33107,1
26297,1
32056,0
39003,0
22527,0
31680,0
21831,0
47705,0
28133,0
49458,0
40609,0
52826,0
29842,1
32386,1
23471,0
46944,1
16630,1
37859,0
23815,0
13677,1
24304,0
11863,0
25595,0
31473,1
13465,1
43793,1
21593,0
50765,1
33811,0
21365,1
17715,1
43641,0
23102,0
53119,1
26405,0
19533,0
16493,0
50755,1
14102,1
43457,0
54555,1
38011,0
40338,0
40608,1
43973,0
52624,1
15103,0
39326,0
20967,0
45822,0
30250,0
34680,0
32634,0
22227,1
17054,0
28560,0
33017,0
45728,1
45698,0
44930,0
21189,0
47772,1
43983,1
17353,0
25343,0
42174,0
39687,0
36337,0
39858,0
46546,1
14862,1
35676,0
12340,1
22983,1
12712,0
13212,0
53016,0
52090,0
38245,0
25914,1
32728,0
52569,0
15552,1
47815,1
21801,0
48896,1
30578,0
51718,1
22369,0
17670,1
56679,0
10618,0
27335,0
44696,0
32536,1
40474,0
22874,1
53823,1
50114,1
21258,1
15802,1
11625,0
49608,0
24569,1
33702,0
56390,0
37941,0
41106,0
45026,0
47145,0
53622,0
27190,1
26341,0
38970,0
26808,1
30456,1
23818,0
19731,0
31360,0
22354,0
28190,0
48316,0
48613,0
55457,0
44686,1
12840,0
55859,1
38385,0
18218,0
43350,1
51353,0
47559,0
38890,1
42643,1
19608,0
18308,1
31664,1
32218,0
43120,1
57046,1
40077,0
21729,0
52456,0
47268,0
54021,0
11267,0
17762,1
55075,1
47241,0
19993,0
52097,0
52001,0
26662,0
38317,0
10355,1
46286,1
57013,0
20911,1
19650,0
51228,0
10217,1
22197,1
31995,0
10549,1
13288,0
17087,0
22893,0
25319,1
20300,1
39699,1
34504,0
48215,1
31299,0
57139,1
49730,0
17671,0
26991,0
23240,0
10991,0
18118,0
56611,1
53661,1
35192,0
56860,0
42435,1
49962,0
18223,1
27805,1
33064,1
41782,1
15504,0
53964,0
38308,0
42557,1
27831,1
10377,0
26089,0
37953,0
28827,1
10482,1
54501,1
15541,0
18721,1
56673,1
35977,1
46819,0
47310,0
20160,0
14034,0
48828,0
31963,1
23122,0
27981,0
31849,0
38387,0
37507,1
55692,0
37153,0
33581,0
47197,1
47943,0
55338,0
36730,0
44369,0
51617,1
20264,1
14477,0
14749,0
22580,0
14471,1
33109,1
46524,1
47500,0
45283,1
25392,1
15519,1
17973,0
27047,1
47332,0
48906,0
16297,0
29289,1
22758,0
22863,1
42240,0
10801,1
34449,1
56929,1
54200,0
53143,0
15648,0
31052,0
19584,1
24952,0
42640,0
39042,1
34994,0
50739,1
52827,1
43766,0
12775,0
30229,0
20011,0
30398,0
16847,0
48441,1
12616,0
20146,1
19645,0
25736,1
16020,1
45406,0
40431,1
27084,0
32773,1
10720,1
49024,0
28937,0
23422,1
39050,0
44698,0
36609,0
14304,0
34591,0
27750,1
29460,1
56702,1
44906,1
24170,0
23297,1
49991,0
36931,0
30941,1
54931,0
25706,0
40928,1
54255,0
21348,0
39961,0
39236,0
39256,0
55759,1
17902,0
32911,0
32497,0
10235,1
33715,0
10351,0
15795,1
13555,0
11206,1
17292,0
37145,0
17445,0
24826,1
12262,0
17288,0
51202,0
26782,1
38795,1
16081,0
44857,0
23693,1
40181,1
27278,0
37575,1
30546,1
32986,1
51314,1
33911,1
28811,0
10263,0
37712,1
39249,0
39809,0
54180,0
34190,0
24949,1
52276,1
41575,0
53746,0
18032,0
44642,0
18503,0
56826,1
15663,0
55277,0
35885,0
21484,1
17154,0
35034,0
13191,1
41790,1
18649,1
34979,0
41783,1
52955,0
48690,0
19033,1
29993,1
14111,0
54787,1
41759,0
10266,0
33014,0
16135,1
14753,0
12050,1
20328,1
11885,1
56101,1
21149,1
33698,0
24086,1
27996,1
11134,1
48356,1
25416,1
42029,1
45214,0
14519,0
15824,0
11195,0
41560,1
15913,1
56582,1
12072,0
49695,0
28428,0
30817,0
51169,1
55543,0
46426,1
10883,0
17190,0
53047,1
15576,1
39525,1
48759,1
49196,1
47400,1
15871,0
23578,0
23021,0
49192,1
38140,1
14941,0
16013,0
15327,0
13998,1
46134,1
42308,0
15625,0
49944,0
12970,1
17852,0
19625,0
20929,0
14933,1
15153,1
30041,0
24517,0
15166,1
52588,1
32395,1
40738,1
43344,1
23259,0
44873,0
36009,0
34769,0
16526,1
11988,0
46024,0
42746,0
51182,1
55983,1
25243,0
42510,0
34506,0
55558,1
31942,0
49323,0
11906,0
32951,1
32661,0
27786,0
32701,0
53683,0
14645,1
56267,1
45425,1
36811,0
55367,1
11011,0
18939,0
53008,1
25636,0
18778,0
36384,0
46297,0
12371,1
51577,1
50847,0
19361,1
35327,1
40929,0
39850,0
55954,0
11902,0
20921,0
29119,1
44769,1
34417,0
29766,0
51957,0
43943,0
32581,0
32908,0
35135,0
17799,1
52583,0
54384,0
16041,0
45420,1
21306,0
45076,1
11857,0
13962,0
28945,0
46113,0
19929,1
42425,0
37216,0
52951,0
36141,0
44645,0
22426,0
29754,0
31547,0
11659,0
42286,0
50075,1
26907,1
29346,1
31855,1
56129,0
10966,0
19050,0
10639,0
27597,1
47154,1
30152,1
44294,0
48794,1
23124,1
41850,1
15369,1
11553,1
44226,0
39048,0
57025,1
44020,0
17132,1
37194,0
36146,0
55334,1
44785,1
23782,1
56481,1
46991,0
26730,0
16402,0
19210,1
11233,0
17195,0
21659,0
17763,1
54122,0
11045,0
28999,0
17801,0
52375,0
54023,1
11361,0
12411,1
38268,0
29406,0
10752,1
47287,0
41516,0
52334,0
34187,0
31554,1
50692,1
42239,1
53936,1
22252,0
48614,1
18006,0
34538,1
32913,0
47226,0
38086,0
19171,0
31505,1
22946,1
14949,1
17540,0
23040,0
35269,0
36538,0
20665,0
47494,0
18543,1
27111,1
25812,0
38569,1
46597,0
24128,0
37089,1
15346,0
56539,0
24857,0
14275,0
40206,1
22020,1
39846,0
47351,1
42065,0
24842,1
55564,0
51816,1
18416,1
41460,1
26080,0
43336,0
27592,1
23357,0
38223,0
19299,0
53773,1
34260,0
39141,1
18314,0
47007,1
50176,0
40019,1
26705,1
46300,1
19879,1
49891,1
48996,1
29973,0
17294,0
47322,1
23424,1
23178,1
12512,0
31148,1
14333,1
53942,0
22526,1
44233,1
31534,1
38693,0
27868,0
38961,0
13927,0
21549,0
36860,0
10603,0
49533,1
55487,0
45495,1
44834,0
40222,1
36917,1
57009,0
48457,0
33509,0
17667,0
54816,0
52084,1
52930,0
51861,0
38100,0
30297,1
56393,0
15771,1
13147,0
28207,1
41260,1
40140,0
26172,0
17676,0
10950,0
11004,0
30902,0
20504,0
14276,0
30106,1
17036,1
44077,0
46789,0
10687,0
43129,0
12268,1
12451,0
56278,1
29081,0
26722,1
19218,0
34530,0
45175,1
10064,1
54574,0
26223,0
12496,0
34678,1
55014,1
33517,0
37721,1
31107,0
14177,1
27100,1
33747,1
10130,0
16710,1
39825,0
14474,0
47565,0
54342,1
32619,0
54373,0
21563,1
45917,0
30668,0
18930,1
22429,1
42523,0
22627,1
21886,0
15358,0
20057,0
16927,0
38060,0
13747,0
12654,1
25210,0
50868,1
12609,0
31325,1
49521,0
30131,1
46039,1
42092,1
32745,0
50590,0
36752,0
42762,1
23688,1
11355,1
49395,1
14216,0
52649,0
37627,1
51221,0
42324,0
25979,0
37315,0
54665,1
45046,0
51661,0
16818,0
10909,0
44469,1
42591,0
15500,0
14038,0
18729,0
50733,0
10450,1
49058,0
50685,0
30459,0
27307,0
43242,1
32483,0
42423,1
39259,0
40945,0
55034,0
52587,1
38936,0
16793,0
54724,1
17546,0
26127,0
36191,1
19794,1
48808,0
55274,0
37614,0
50571,0
43627,0
42655,0
31009,1
22902,0
36261,0
10865,1
10245,0
50773,1
52012,1
11631,1
18678,0
38304,0
46228,0
39485,1
16581,0
50861,0
41890,0
26072,0
24196,1
49829,0
29830,0
48220,1
28663,0
56060,0
50190,0
51106,1
26624,0
27431,1
48394,0
48452,0
56689,0
26434,1
35446,0
27077,0
26634,0
40513,0
44218,1
21700,0
21777,1
45800,1
28313,1
20274,0
10036,0
35823,0
43149,0
40629,0
13787,0
10041,1
38924,0
53449,1
45353,0
46520,0
56180,0
55297,0
14965,0
41795,0
30844,0
29844,1
23086,1
55201,1
51413,0
42969,1
39471,1
40263,0
21464,1
27419,0
34207,0
55831,1
23133,0
23187,0
55504,1
23234,1
15846,1
55870,0
13693,0
56314,1
54199,0
24271,0
43217,0
51211,0
14836,0
12909,1
23977,1
34163,0
42418,0
50983,0
26993,1
45033,0
23949,0
37215,1
25571,1
12181,1
12911,0
56818,1
39466,1
17211,1
47679,0
53365,0
55518,1
21685,1
53641,1
55328,1
51893,0
17347,1
53031,1
55396,1
47225,0
10446,0
37083,1
47307,0
18286,0
16435,0
11628,0
54351,1
43584,0
14296,0
33063,0
21923,0
55460,1
19158,1
35154,1
34825,0
45782,1
53924,0
22963,0
56002,1
27101,0
55968,0
47130,0
13408,0
19967,0
13984,0
55217,1
17375,0
47846,0
19635,0
23185,0
25498,1
49440,0
19531,0
32981,1
28956,0
56100,0
56653,0
13760,0
25028,1
34726,0
40902,1
51004,0
42765,0
37538,1
19026,0
24910,0
12524,0
53213,0
54525,0
24939,0
32960,0
12424,0
16147,1
56411,1
35588,0
26586,0
48358,0
44900,1
23749,1
12152,1
35599,1
32586,1
30952,0
40972,1
45768,0
21780,1
53692,1
34691,1
33050,1
22208,1
17876,0
22517,0
50813,1
11626,1
47024,1
44755,0
26201,1
22551,0
46927,0
13623,0
56404,1
33766,1
26396,0
23768,1
42551,0
32935,1
21244,0
36935,1
16599,0
14491,1
33241,1
24442,0
41484,1
19078,0
56194,0
28248,0
31815,0
15535,0
44594,1
41311,0
17727,1
14318,0
33205,1
31676,0
56740,0
30015,0
44219,0
50889,0
22165,0
29297,0
14893,0
32966,0
38211,0
42883,0
38340,0
54078,1
33622,0
29681,0
26202,1
30628,0
10249,1
12423,0
40713,0
43114,0
38191,0
41065,0
35384,0
22350,0
45355,0
10676,1
15012,0
47828,1
50955,1
28724,1
21615,1
14253,1
14377,0
10743,1
49056,1
41582,0
11769,1
14643,0
46593,0
39034,1
52487,0
36049,0
50631,1
44937,1
46351,0
56562,1
19764,1
50829,1
25453,0
11595,0
47607,0
51030,0
33745,1
43528,1
17064,0
40051,1
54976,0
31468,0
49796,0
25331,0
43267,0
50982,1
38436,0
16445,1
20052,0
41100,0
11977,1
32730,0
36830,0
20395,1
28002,1
35270,0
25679,1
24280,0
24424,1
35930,0
25376,0
24473,1
54993,1
55625,0
45001,0
32632,0
10742,0
42117,0
18128,1
40021,0
41366,0
27194,0
25903,1
33716,0
31550,0
14596,1
51793,0
51662,1
20002,1
46164,0
52695,0
53410,0
13273,0
13852,0
12446,0
45716,0
23893,1
52413,1
38973,0
14930,1
26792,0
11040,0
53544,1
24714,1
41517,1
10486,1
56346,0
55115,0
18195,1
39500,0
11778,0
19946,0
44484,1
24026,1
11362,0
34608,0
30587,1
39883,0
55498,0
16693,0
19249,1
57073,0
32854,0
20897,1
54592,1
14306,0
12495,1
35893,1
35684,0
41570,0
14909,1
49808,0
38884,0
28026,0
56555,0
32749,0
54784,1
26294,1
51102,0
45150,1
53872,0
17479,1
30138,0
40991,0
37598,0
14929,0
33412,1
25072,0
24072,0
55982,1
20376,1
45421,1
14116,0
25741,0
12541,1
18991,0
29032,0
18478,0
54344,0
33522,0
47677,1
50375,0
33736,1
49598,0
46747,0
17184,1
52257,0
32204,0
47039,0
56470,0
23113,0
12347,1
19362,1
44251,0
22547,0
29769,0
20596,1
13596,1
10939,0
44716,1
52608,0
21528,1
26920,0
49053,0
28928,0
16154,1
46627,1
51227,1
53345,0
45101,1
35082,0
24865,0
42262,0
29845,1
20218,0
48845,0
55029,1
53776,0
29054,1
19679,0
15192,1
50710,0
16721,1
29539,1
14546,1
29774,1
42221,0
36567,0
33231,0
50539,0
42287,1
41041,0
47236,1
29979,0
29064,0
42361,1
33643,0
30129,1
17494,0
45372,1
18084,1
30954,1
45539,0
38479,1
23920,0
29601,0
29525,1
11686,0
20273,0
39987,1
12306,0
29084,1
52816,1
15814,1
33410,0
14573,0
14408,1
47302,0
10715,0
50863,1
18449,1
33396,1
43163,1
51722,0
54455,0
30202,0
37956,1
19904,1
34743,0
22608,0
49857,0
15731,1
43887,0
20095,1
18999,0
45795,1
22355,1
54158,0
50127,0
53268,1
27434,1
55169,0
43704,0
45392,1
54833,0
56584,0
29572,0
47030,0
20598,1
54806,1
18209,1
39002,0
36385,1
27123,0
35433,0
20704,0
24120,0
27663,1
22567,1
52040,1
27639,0
50724,1
20373,0
53610,0
26814,1
30018,0
35641,1
15817,0
52367,0
12364,0
48626,0
17483,0
17644,0
11336,0
26145,0
25077,0
37277,0
48672,0
41808,0
19729,0
28030,1
14979,0
25703,0
25238,0
49653,1
13466,0
18446,1
53435,1
10496,1
26272,1
28056,1
11879,0
29402,0
43260,1
13287,1
16901,0
53864,0
46856,0
39234,0
29013,1
31375,0
17844,1
31456,0
11941,0
28897,0
29259,0
50332,1
51931,0
52899,0
31990,0
31258,0
42653,1
24621,1
46192,0
42149,1
35504,1
30742,0
56049,1
50679,0
49234,0
23013,0
36497,1
52703,0
28176,0
42385,0
30919,0
38527,1
46130,0
44100,1
42038,0
26602,1
57014,0
17562,1
27992,0
39501,1
40613,1
10503,0
46636,0
44765,0
14482,0
40056,0
54069,0
18073,1
14473,0
39896,0
19322,0
20038,1
41072,0
21392,0
22109,0
40259,1
16931,0
27157,0
18929,1
33597,1
40341,0
34230,0
54416,1
10721,0
42549,1
15185,1
38750,0
20770,1
42679,1
15904,0
53223,1
15259,0
19289,0
29321,0
15634,1
32105,1
34482,1
33920,0
42367,1
21128,0
51291,0
41127,1
40178,1
31478,1
56833,0
16213,1
39793,1
51634,1
28471,0
19709,0
13979,0
54271,0
50914,1
50253,1
46809,0
13302,0
53116,0
33571,0
38155,0
14527,0
34768,1
54593,1
17934,0
56780,0
45868,0
36095,0
46048,0
28851,0
49389,1
15302,0
18414,1
26113,1
33735,0
21131,0
49594,0
23461,0
18146,0
31454,0
39241,1
15083,0
25350,1
57084,1
25235,0
21904,0
56463,1
31026,0
53652,0
24475,0
41837,0
47918,0
12338,0
24766,1
15570,1
24538,1
48804,0
29543,0
46821,1
32766,0
22298,0
34905,1
17262,1
27458,1
42380,0
56631,1
45278,0
34952,0
40950,0
48133,0
55343,1
35600,1
42670,1
54017,0
37605,1
40495,0
39550,1
40540,0
30156,0
30977,0
20026,0
47323,0
17434,1
31014,0
32691,1
39821,0
33792,0
21044,1
38040,1
37337,0
49526,0
46852,1
24430,1
18507,0
18621,1
39318,0
21229,0
33077,0
53752,0
12507,1
18250,1
40698,0
29022,1
25813,0
33928,0
40813,1
45043,1
45253,1
13609,0
14121,1
36817,0
45671,0
31206,0
18832,1
35820,1
56983,1
15561,0
18122,0
24292,0
46235,1
12225,0
46780,1
47414,0
20791,0
47324,0
23375,1
52149,0
11979,1
45622,0
19874,1
12809,1
25774,1
43996,1
30700,1
26260,0
27820,1
39106,0
13523,1
55637,0
18337,0
28614,0
30662,1
13661,1
13779,1
15093,0
19829,1
51947,0
14265,1
27591,0
38608,0
38281,0
26532,0
46121,1
30688,0
17330,0
25644,0
40304,1
54856,1
10653,0
38106,0
54636,0
19806,0
30913,0
23427,0
19805,1
32970,0
20861,0
46267,0
45272,1
40711,0
50235,0
26395,0
25917,0
22418,1
24433,0
25613,0
54215,0
10017,1
22535,0
49231,0
32732,1
40593,0
55231,1
17451,1
50115,0
19877,0
52223,0
55147,0
40952,1
42931,1
13176,0
35947,1
25320,0
12036,1
56901,0
47237,0
28989,0
22198,1
19398,1
35042,0
44826,1
24574,0
52141,0
19058,1
20512,1
44467,1
18362,1
15516,1
20506,0
27604,1
16043,1
16128,0
12111,1
11725,0
11166,0
18334,0
17919,0
54132,0
47422,0
48729,1
15002,0
16044,1
51002,0
31736,1
31018,1
37656,0
32850,0
21860,0
14732,0
47213,0
24748,0
42126,1
21104,0
47978,1
26619,0
17058,1
12060,1
42136,0
11348,0
50372,1
35785,0
31668,0
31943,0
31448,0
21669,0
17062,1
43218,0
42784,1
20179,0
16000,0
50626,1
55772,1
26913,1
53654,1
31320,0
33612,0
48689,0
15910,0
48982,1
22933,1
24283,1
40310,1
55740,0
55059,0
22582,1
18831,0
48214,0
35128,0
23160,1
50382,0
29389,0
16543,1
24804,0
55463,1
47893,1
28112,1
15505,0
31901,1
39487,0
48774,1
17199,0
43850,0
46693,0
45748,0
33976,0
32569,0
11393,0
22632,1
15569,0
34568,1
48881,0
32109,1
34445,0
38142,0
54959,0
53348,0
36219,0
13061,0
14903,1
14297,0
49904,0
28601,0
51519,0
12985,0
31475,0
19573,0
41622,1
41543,0
35479,0
41028,0
16545,0
35587,0
29065,1
56312,1
53725,1
43492,0
52452,1
22592,0
50514,1
44924,0
51714,0
11947,1
33131,0
24667,0
46470,0
15098,1
33076,1
51751,1
39085,0
53426,0
39780,0
52018,1
54339,1
35756,0
39209,1
22033,0
46606,0
33730,0
23861,0
34750,1
21036,0
31706,1
47219,0
38092,0
37488,1
56345,0
22994,0
23665,1
41849,0
31644,0
33864,0
11167,0
11278,1
56969,0
18241,0
17662,0
27476,0
17051,1
37984,0
10215,0
47588,0
27836,0
44263,0
52161,0
34945,0
22180,0
19221,0
50093,1
52393,1
54799,0
37757,1
39383,0
17548,0
43771,0
16207,0
27567,0
21629,0
27061,1
28355,0
33685,0
16632,0
50551,0
16964,0
19713,1
18680,1
39554,0
22066,1
23751,0
35009,1
33020,0
34853,1
41257,0
54244,0
23618,1
23435,0
24092,0
50648,0
35917,1
19179,0
52664,0
43136,0
56994,1
10444,0
10385,0
41838,1
50335,1
30162,1
31144,0
53334,0
32227,1
43387,1
56874,1
12658,0
31979,1
29213,0
31327,0
23397,0
37003,1
40364,1
28730,1
30747,1
39448,1
12519,1
44766,0
33424,1
18884,1
25989,0
49468,0
31253,0
32992,1
43925,1
18472,0
44168,0
51530,1
21533,1
28639,0
37103,0
52809,0
30810,1
28159,0
29291,1
26220,0
14468,0
24549,1
12490,1
24371,0
16861,0
53066,0
51308,0
53412,0
49734,0
35669,0
21958,0
18108,1
39406,1
34302,1
42348,0
33084,0
11952,0
30242,0
28340,0
32594,1
20424,1
22995,0
14880,0
52702,0
41756,0
53398,1
49180,0
44105,0
11682,0
14445,0
35881,0
18461,1
40766,1
19937,0
35702,0
26888,1
17922,0
15242,0
29671,0
23250,0
15229,1
38642,0
42956,0
30179,1
43349,1
33473,0
52138,1
31912,0
22795,0
50820,0
37159,0
46328,0
33807,0
52439,0
17172,0
27212,0
20474,0
27396,0
38618,1
36689,0
48439,0
49663,0
52226,0
48184,0
21476,0
10947,0
30981,1
14663,0
23648,1
21233,1
39691,0
46564,0
56837,1
43918,0
11009,1
41885,0
34501,0
55664,0
51292,0
55489,1
54073,0
45112,0
48831,0
27275,1
54855,1
15774,0
28013,1
11831,1
14174,0
23081,1
24721,0
44192,1
32061,0
49121,1
54798,0
46803,0
33592,1
35916,1
22573,0
36987,1
42561,0
12516,1
16779,0
19441,0
41208,0
53852,0
46251,0
33418,1
29709,0
37840,1
55993,1
26901,0
51713,0
27641,0
32372,0
52982,1
31423,0
28971,1
22759,0
34951,1
27860,1
29610,0
32963,0
12564,0
24225,0
41280,0
41047,0
19001,0
31104,0
13497,0
27241,1
30552,0
30237,1
22055,0
27926,0
32652,0
29197,0
13362,0
44185,1
27601,0
35760,0
25555,0
34999,0
18232,0
30603,1
48914,1
48991,0
16085,1
39932,1
49470,0
19725,0
11469,1
51108,0
31582,0
49633,0
23326,1
48491,0
26641,0
45218,1
53701,0
40828,0
13741,1
22111,1
56840,1
41547,0
54332,1
31940,0
32926,0
16374,0
13905,0
48118,0
32355,0
55060,1
45831,0
34396,1
19486,1
31250,0
22492,1
52224,1
41718,1
46058,1
46296,1
54381,0
36318,0
49263,0
37074,1
54753,0
24617,0
48318,1
49109,0
54994,1
31565,0
37095,1
51159,0
28449,1
56586,0
41491,0
46349,1
53156,0
40475,1
33301,1
25661,1
41671,0
12544,1
55797,0
47408,1
38451,1
13572,1
45019,0
34198,0
51307,0
39396,0
24712,1
10054,0
20846,0
22493,0
48282,0
35569,0
12562,0
19318,1
27261,0
25658,0
23676,0
13736,0
44237,0
16863,0
36263,0
19157,1
32895,0
43504,0
32381,1
54904,1
47787,0
54651,0
36979,0
34307,1
35781,0
18339,1
33183,0
48822,0
26936,0
40816,0
14797,1
17486,0
10638,1
21851,0
51998,1
18101,1
48683,1
19857,1
38648,0
11987,0
31596,0
15245,0
11309,0
39273,1
36172,1
36722,1
28800,0
40668,0
28518,1
40942,0
52436,0
26051,0
15847,1
25303,1
52734,0
32590,1
18526,0
17225,0
50315,1
49243,0
44604,0
31488,0
39084,1
44620,0
14548,0
49251,0
35096,1
13203,0
15222,1
42959,1
51064,0
30103,0
41975,1
49646,0
38505,0
46582,1
23769,0
23027,1
38914,0
43204,0
15167,1
39956,0
33492,1
53199,1
19971,0
42068,1
51808,0
41202,0
21842,1
56190,1
48748,1
56930,0
41426,0
20630,0
54347,1
51557,0
56412,1
44169,1
24221,1
15636,1
23183,0
48540,0
14354,1
38806,0
17500,0
26241,1
15654,0
13040,1
17147,0
21130,1
25732,1
16373,0
54478,1
36911,1
17161,1
42794,0
54079,0
54693,0
16554,1
18258,0
23903,0
29560,0
21469,0
16555,0
49081,0
45107,0
53177,0
38035,0
34045,1
46200,0
37118,0
34473,0
12652,1
24571,0
29526,0
32613,0
33594,1
17898,1
30423,1
46652,0
28970,0
29279,0
35834,0
38984,1
28109,0
46978,0
46967,1
16756,0
28873,1
41804,0
52670,0
38178,1
34741,0
40298,0
33129,0
29455,1
24773,1
44741,0
23155,0
50097,0
41574,1
45813,0
47527,1
36207,0
45723,0
24140,0
56074,0
43714,0
55804,1
43820,0
23570,0
45415,1
45943,0
40517,0
49150,0
48355,0
54432,1
44479,1
17906,0
46701,0
16488,0
39526,0
36131,1
14269,0
53960,0
10436,0
25135,0
19357,0
38003,0
41710,1
14698,1
23821,1
48231,1
33521,0
11417,0
12527,1
41457,1
10645,1
11688,0
47485,0
49876,0
32507,0
51667,0
56471,0
41220,0
48646,1
27439,0
34422,0
50976,0
55041,0
18825,0
53087,0
52047,0
21611,0
50277,0
35450,1
34938,0
30232,1
20448,1
48073,0
20981,0
55439,0
40242,0
56737,0
28236,1
35696,1
29867,1
32159,0
39453,0
34760,1
21311,1
24121,1
55704,0
29428,1
17661,0
46000,0
42711,1
45851,0
26601,0
39558,0
38933,0
33139,1
28430,1
15281,0
10322,0
40070,1
53258,0
31033,1
38130,1
45987,0
19347,1
32400,0
18244,1
51201,0
50185,0
10068,1
26729,1
26740,1
22621,0
48300,0
22587,1
35748,1
45978,0
42634,0
12241,1
31647,1
20144,0
11010,0
20213,0
18652,1
30989,0
45343,0
53705,1
31228,1
11450,1
56000,0
50633,1
20690,0
56904,1
48177,0
36304,1
21526,1
48967,0
11933,0
35988,0
29723,0
42768,1
27124,0
40167,0
35368,0
56294,1
10662,0
25361,0
21213,0
38371,0
56167,0
18826,1
17874,1
30405,0
11797,0
39545,1
30199,1
20601,1
47902,1
45441,1
17755,1
18501,1
41377,1
14448,0
51006,1
23416,0
30842,1
53366,0
31442,0
29655,0
34054,0
49394,0
48423,1
35970,1
23018,0
11170,1
56459,0
43121,0
20891,1
49666,0
27425,0
27063,1
52741,1
19023,0
38777,1
25905,1
26965,1
11568,1
51844,0
39269,0
47185,1
56224,1
22171,0
23951,0
26376,1
40856,0
41825,0
17637,1
38265,0
33692,0
10146,0
48631,0
17791,0
33366,0
23119,0
45086,1
48243,0
20289,0
44296,1
54955,0
14945,0
42265,0
26042,0
30442,0
34949,0
29027,0
47937,0
40261,0
40292,1
32387,0
51520,1
29090,0
42868,0
50846,0
11811,0
14963,1
41698,1
50607,1
50994,0
43352,1
39778,0
33709,1
13743,1
11103,1
18816,1
55593,1
44178,0
21877,1
41331,0
33027,1
18527,0
50581,1
49848,1
37758,1
43390,1
38831,1
25203,0
33555,1
38397,0
44880,1
54546,0
27901,0
22321,1
33153,0
17970,0
24093,0
24469,0
53905,0
55648,0
41424,0
19859,0
29407,0
24786,0
24056,0
42610,1
22292,0
38364,1
14078,0
29224,0
20240,0
12164,1
40697,1
27040,0
19404,0
42520,0
54737,1
48547,1
55420,0
32775,1
53981,1
35550,1
45246,0
22202,0
46152,0
46118,0
51288,0
25408,1
47980,0
45387,0
20471,1
50395,1
52680,1
19270,0
11992,1
32203,0
31072,0
27198,1
20523,1
12278,0
31522,1
17364,0
31970,1
32445,0
52076,0
41979,0
52157,1
24956,1
22688,1
56382,1
16595,0
51224,0
40763,0
41507,0
38045,0
44071,1
10764,0
32969,0
29678,1
24924,0
43221,0
32750,0
44279,1
53507,0
35268,0
26128,1
21522,1
40078,0
49564,1
32942,1
55155,1
21746,0
54583,0
53552,1
45729,0
47320,0
10180,1
33368,1
16528,0
53301,0
47632,1
10982,1
22591,1
30856,1
28220,1
11695,0
55257,0
21786,0
46239,0
52675,0
53718,1
29096,0
36129,0
22443,1
54419,0
19323,0
25963,1
47581,1
38280,0
54879,1
54233,0
31435,1
28075,0
25954,0
10537,0
28249,0
28020,0
34107,1
45709,1
56760,0
45619,0
47258,1
39578,1
10165,1
17704,0
49414,0
33212,1
44811,0
10174,0
19863,1
15582,0
28946,0
15180,1
44211,0
19330,1
20431,0
52842,0
22896,0
50053,0
25701,1
24976,0
46357,0
25264,0
29140,1
24587,1
26253,1
37905,1
31015,1
25166,1
19062,0
49444,0
27127,1
39099,0
43573,0
40302,1
35322,0
48854,0
33208,1
31909,0
46923,0
47314,0
17655,1
25591,0
17901,1
12403,1
14831,0
24096,0
43512,0
23394,0
19200,0
49264,0
51479,0
34059,0
35038,0
43654,0
22624,1
21411,0
18818,1
24118,1
27160,0
44066,0
42294,0
12560,0
21555,1
28905,0
11830,1
41787,0
27073,1
37205,0
25141,1
49402,0
14085,0
36545,1
51129,0
17450,1
38413,0
51425,0
34630,0
53848,0
41170,0
35238,0
49510,0
42672,0
11175,0
30723,0
10511,0
34872,0
55824,0
52814,1
34650,0
15791,1
37931,0
26644,1
30291,0
35900,1
43068,0
40843,0
43407,1
35407,1
10325,1
46650,0
32838,1
22721,0
42486,0
45169,1
43055,0
40840,0
23019,0
34970,1
42757,0
34351,1
15060,1
32046,0
39671,0
46313,1
34915,0
36364,0
14396,0
55729,1
27517,0
56231,1
13807,0
19780,0
39601,0
33373,0
52450,0
23324,0
32394,0
13469,1
34723,0
20859,1
14182,1
41064,0
16332,0
19752,0
11505,1
14891,0
37444,1
19607,1
28880,0
13804,1
52415,0
21990,0
55970,0
34481,0
51316,1
52969,0
11617,0
37209,1
31899,1
22937,0
55431,0
52145,1
19537,0
11650,1
45321,0
25455,1
34780,0
51323,0
15073,1
14795,0
48045,0
28053,0
11916,0
54865,1
46494,1
24012,0
15917,0
17710,0
12366,0
11508,1
17481,0
50777,0
23219,1
10136,1
23919,1
52914,0
27485,0
13467,0
16126,0
43616,0
40530,0
34567,1
48335,0
56214,0
41727,0
34886,0
47825,1
41905,0
10528,0
15097,0
43765,1
12073,0
15825,1
26291,1
16476,1
33860,0
23932,1
40868,0
15069,0
20628,0
41553,0
52053,0
27738,0
32075,0
19149,0
12849,1
16407,1
33510,0
31725,0
32493,0
38109,1
39348,0
16788,0
32055,0
36893,0
22474,0
48234,0
41093,0
21761,0
49923,0
25192,0
12219,0
13180,1
12951,1
47384,1
56677,0
26148,0
11960,0
11509,0
39974,1
28933,0
10315,0
51868,0
43010,0
41859,1
36758,0
32464,0
23600,0
43376,0
10293,0
29482,0
47704,1
54333,1
15857,0
28673,0
23674,0
50560,0
24222,1
15210,0
23221,0
28676,0
38164,0
10860,0
51446,0
24790,0
43023,1
33052,0
23391,0
49305,0
51637,0
18311,1
35131,1
33461,0
47595,1
23608,0
53164,1
34184,0
37991,1
23030,1
54414,0
24301,1
47693,0
12402,1
20105,1
25601,0
29517,0
38224,0
23054,0
34374,1
17041,1
37973,0
33894,1
12885,0
33664,0
33946,0
11150,1
35244,0
42728,0
31401,1
52854,0
23334,1
44954,0
33580,1
47942,0
38846,1
47309,0
27457,1
37357,0
52129,1
40172,1
17415,0
52602,0
32374,1
26776,1
13514,1
24444,1
30572,1
20902,1
30468,1
36598,1
38813,1
24360,0
41155,0
35349,1
35897,0
48223,1
40131,1
34827,1
33294,1
36533,0
42415,0
38727,1
34666,0
40421,1
35884,0
42677,0
54864,1
17859,1
20609,0
26677,0
30316,0
37411,0
21246,1
27152,1
11157,1
35625,0
25504,1
18913,0
12615,0
29562,0
12642,0
36180,1
43500,0
44342,1
38978,0
34335,1
17927,0
52453,0
15578,1
20210,1
47524,0
33905,0
21719,0
19785,0
20576,0
45529,1
33387,0
10779,1
42469,0
18891,1
30431,0
51594,0
29972,1
52194,0
26463,1
40388,1
40658,1
31003,0
14683,0
14493,1
51965,1
14180,0
14641,0
42592,0
37400,0
29423,1
36399,1
20294,1
19257,0
29026,0
16166,0
22120,0
25518,1
10681,1
40270,1
46312,0
33558,1
48373,1
22141,1
13894,1
47349,0
50547,0
14580,0
28454,1
48143,0
14754,0
32698,0
44340,0
41231,0
16608,0
51408,1
48186,0
45566,0
18396,0
18821,0
43079,0
21453,0
41327,0
15786,0
32210,0
22263,1
35011,1
36092,0
32823,1
24084,1
46149,1
44326,0
25297,0
48704,1
15797,1
40807,1
46761,1
38064,0
37259,1
18959,1
15944,0
32870,0
45254,0
47554,1
16449,1
19858,1
55779,0
54861,1
54570,1
41822,1
20319,1
43530,0
20918,1
46925,0
27253,1
50296,0
45743,1
20326,1
49341,1
22894,0
35733,0
19387,0
56761,1
30437,1
53311,1
18071,1
31734,0
13901,1
11708,1
17534,1
29640,0
45597,1
36601,0
37270,0
44197,1
37308,0
27837,0
10368,1
10611,1
47977,1
54968,1
12447,1
55100,0
26300,0
33762,1
18542,0
17144,0
44257,1
55698,0
18428,0
13646,1
29837,0
40312,0
33032,0
45697,0
35524,0
51458,1
36289,0
33525,1
51278,0
32939,0
52401,0
36663,1
44132,1
32997,0
48249,0
46345,0
51944,0
39413,0
52543,0
34296,0
47393,0
30728,1
17795,1
30886,0
51510,0
36793,0
28374,0
47521,0
35060,0
39686,0
29551,1
19319,1
38046,0
35546,1
18266,1
11433,1
29742,0
36842,0
21672,0
56079,0
43511,1
27764,0
32639,0
19568,0
32296,0
33512,0
17009,1
17742,0
12383,1
30565,0
43450,0
47770,0
44597,1
26164,1
46553,0
38070,0
31177,0
15960,0
56293,0
32136,0
44486,1
50272,0
38414,1
56747,1
49237,0
12482,0
19554,0
32282,1
14324,0
36403,1
54298,0
38124,0
53600,0
25121,1
50134,0
40122,0
31798,1
53050,0
55447,1
55780,1
32532,1
54166,0
23056,0
26852,1
34212,0
30834,1
13608,1
27378,0
45497,0
25004,0
29796,1
18090,1
40730,1
15896,0
18438,0
11652,0
42041,1
43146,0
32980,0
29067,0
44456,0
46885,0
24073,0
13093,1
54033,0
55276,1
32229,0
30835,0
30672,0
51815,1
28322,0
54906,1
48972,1
56813,0
24876,0
16444,1
46394,0
43135,1
49604,0
10840,1
41978,0
33320,1
49941,0
14323,0
56876,0
50466,1
24427,1
11964,1
34887,1
11672,0
41392,0
22907,0
13911,0
38360,0
21028,0
18512,0
54380,0
35147,0
52956,0
42111,1
28744,0
45592,0
31824,1
54524,1
13745,0
48396,1
52461,0
39788,0
10089,0
13001,1
21701,0
27994,1
11804,1
29664,0
13902,0
53448,0
54328,1
47096,1
39592,1
31128,0
36377,0
31521,0
35396,1
54394,0
12676,0
14286,0
41244,1
20848,0
21636,1
25581,1
16074,0
47211,0
27036,0
38949,0
48146,0
13183,0
39628,1
35576,1
38135,1
26215,1
39342,0
43335,0
17577,0
15254,0
22094,1
37697,1
32147,1
27562,1
47233,0
39431,1
33334,0
23786,0
29322,0
31637,0
57135,0
31946,0
31288,0
22150,1
51696,0
44286,0
17672,0
15121,0
41720,0
49609,0
18655,0
15592,1
20957,0
51618,1
41656,0
55133,1
13970,1
56777,0
53387,0
16111,1
31068,1
43090,0
55325,0
32359,0
38206,1
29445,1
16384,1
34562,0
28718,1
47574,1
48002,1
49349,1
52745,1
56882,0
34275,0
14690,1
39966,1
26154,0
40132,1
18811,1
15810,0
10563,0
25421,1
22653,0
33666,0
14197,0
35734,1
44794,0
35571,0
48484,1
35166,1
24236,1
42585,0
17171,0
56352,0
21668,0
22654,1
18444,1
48709,1
17357,0
18992,1
42844,0
21675,1
41276,0
56628,0
19233,1
27461,1
45191,0
25761,1
19418,0
44799,0
47433,1
34702,1
51146,0
53318,0
43000,0
29938,0
24097,0
29792,1
34874,0
18574,1
38098,0
38460,0
17189,1
56285,0
51774,1
37097,1
17917,1
42913,0
46506,1
22930,0
30258,0
19201,0
20646,0
24519,1
32066,1
38986,0
20087,0
35836,1
52629,0
12134,0
19099,0
27060,0
54462,0
37242,0
43794,1
46549,1
50070,1
26625,0
20719,0
51375,1
12606,0
52691,0
35681,0
23347,0
15641,0
16186,1
53118,0
27595,1
13156,0
53101,1
37870,0
35792,1
36085,0
35624,1
39892,0
35879,0
45585,1
56614,0
19296,0
17828,1
44941,1
22182,1
17461,0
47143,1
37853,0
30461,1
38948,1
42566,0
48518,1
43089,1
21240,0
33178,0
21913,0
25075,0
47201,1
29374,1
23292,1
55479,0
13735,0
50112,0
42334,0
39631,1
24458,0
44989,1
34529,0
47712,1
31914,0
45894,1
38675,0
30078,0
33319,0
15048,1
25540,1
18028,0
20479,0
36325,0
16732,0
37410,0
31712,0
49709,0
34742,1
35923,0
22677,1
38700,0
17072,1
38290,1
26033,1
26375,0
24341,0
18616,0
41160,0
53891,1
23497,1
25062,0
28845,1
23871,0
53239,0
10694,1
38146,0
35252,1
21323,0
31262,0
15657,0
28687,1
40262,1
41591,1
23811,0
26905,0
24682,0
41365,0
30351,1
18150,0
31880,0
40089,0
10829,0
12375,0
52072,1
48399,0
23589,0
52266,1
44601,1
16409,0
23290,1
13789,0
18872,0
36183,1
35776,1
42228,1
54838,0
11126,1
28027,1
51495,0
28629,1
38835,1
46633,0
33179,0
36347,0
47510,1
47053,0
24033,1
43595,0
23780,1
26363,0
12142,1
47802,0
15950,0
47346,1
13123,0
13019,1
43697,1
23036,1
40489,1
55922,0
51583,1
42321,0
22087,0
35584,0
51180,1
21744,1
23701,0
17608,0
28252,1
42143,0
42888,0
16359,1
28745,1
30583,0
26524,0
56220,1
47522,0
29441,1
13056,0
48020,1
51279,0
57118,0
39147,1
50188,1
31180,0
19245,0
42843,0
11971,1
55720,1
19246,1
33115,1
46365,1
24372,1
57099,0
18027,0
43445,1
25776,1
48265,0
15158,1
24610,0
54499,0
54985,1
53108,0
35055,0
11812,1
12808,0
41748,1
25087,1
13049,0
50017,0
53242,1
26138,0
28188,1
39461,0
12876,1
36902,0
21910,0
29118,1
31290,1
45833,0
14289,0
46699,0
37046,0
12520,1
51623,1
34557,0
56108,0
25061,0
20865,1
44730,0
24126,0
40768,1
44284,1
43924,0
46824,1
30997,0
15384,1
33676,0
13917,0
31425,1
52747,1
37946,1
44995,0
46998,0
40892,1
18240,1
17455,1
27529,0
55622,0
17994,0
44619,1
14882,0
42002,0
26739,0
38212,0
51277,0
26000,0
25008,0
56571,1
18340,1
46897,1
53420,0
49031,1
36556,0
18050,0
29387,1
17084,0
17252,1
38524,0
40775,0
10626,0
50771,0
43296,0
19177,1
33113,1
32064,0
37846,1
41393,1
24822,1
39593,1
46019,0
39584,1
29263,1
45565,0
40869,0
46685,1
56178,0
24990,0
56808,1
20845,0
30725,0
14951,0
22006,0
28306,0
46126,1
56299,0
44946,0
36252,1
40141,0
34594,1
42109,0
27285,0
16983,1
18463,0
37660,1
29172,1
35090,1
23341,0
18214,0
52598,1
23285,0
55330,0
24806,0
32544,0
38027,0
46364,1
29147,1
17729,1
40883,1
21351,1
44731,1
17115,0
29139,0
43032,1
48301,1
28387,1
44145,0
31772,0
41477,0
53526,1
53594,0
36045,0
51385,0
35014,1
30004,0
23336,1
20795,0
39743,0
55106,0
34820,0
54823,1
40115,1
43764,1
19779,0
17348,1
11395,0
50746,0
42052,0
12123,0
49531,0
38488,0
42622,0
39547,0
17983,1
33859,0
45854,0
51311,0
20776,1
15851,0
39232,0
20996,0
13454,0
18685,0
33147,1
46591,1
37178,0
42581,0
15409,1
38834,0
36001,1
14124,0
45841,0
33951,0
38653,0
10724,0
46473,0
44575,0
16139,1
50113,0
19885,0
45118,0
35152,1
26908,0
19743,0
47101,1
45637,1
56236,1
29595,0
16134,1
26086,1
45897,1
22776,0
32093,1
34646,0
36199,0
14833,0
23458,0
19522,0
49984,0
16252,0
31495,0
34509,0
55261,1
39922,0
10057,1
26679,0
36838,0
10493,0
15494,0
31549,1
21915,0
23404,0
55524,0
17888,1
13712,1
42357,0
28648,0
49539,0
42024,0
32517,1
43105,1
52077,0
23171,0
54970,1
49160,0
31077,0
15613,0
28273,1
22144,0
17281,1
33382,0
49769,0
29770,0
14523,1
20404,1
35266,1
40917,1
29143,0
34175,0
29959,0
52838,0
19112,1
21218,0
15669,1
46279,0
31158,0
25289,0
46682,1
16209,0
54299,0
55763,0
45973,0
30510,0
52824,0
53014,0
37526,0
56131,0
21708,0
51780,0
12011,0
53253,0
10229,1
47059,1
21172,0
41380,0
39546,0
41836,1
49661,0
50548,0
20267,0
33101,0
10238,0
37765,0
55290,1
27480,1
23141,0
10441,1
24355,0
10993,0
22889,0
41696,0
16136,1
11064,1
43596,1
14238,0
52139,0
39215,1
29784,1
12197,0
35572,1
13691,1
13256,1
13980,0
32756,0
12462,1
42754,0
28760,0
33826,0
56482,0
26984,0
47405,1
40845,1
27478,1
55862,0
35520,1
18735,0
45244,0
13727,0
44796,1
27317,0
36993,1
42700,1
35388,1
23717,0
45007,0
57111,1
21527,0
30621,1
55368,0
47720,0
18904,0
18039,0
33394,0
10372,0
37659,0
11599,0
48749,0
12632,1
12942,0
21426,1
17956,0
17424,0
13737,0
47707,0
54896,1
31109,0
25768,0
21622,0
44422,1
27687,1
44182,1
34657,0
34817,1
32666,0
15753,0
17207,1
52460,0
38312,0
40423,0
15285,1
55127,1
46727,0
38788,1
27852,0
27348,1
20660,1
22185,0
48642,0
23330,0
48890,0
26380,0
49749,0
14725,1
40294,0
29529,0
44550,1
24978,1
17327,0
28700,0
38733,1
19886,0
16855,0
16462,1
25173,0
53802,0
24215,0
18141,1
33438,0
16821,0
48888,0
25691,1
37062,1
43141,1
19964,0
17265,0
38058,1
32800,1
30581,0
23754,0
56792,1
43552,0
24138,1
24186,1
21731,0
20058,0
54493,1
14574,0
39122,1
39270,0
21871,0
16895,0
34838,0
18194,0
12485,0
22019,0
44318,0
45250,0
50563,1
20419,0
43640,0
55957,0
20321,0
42205,0
18324,0
18500,1
33607,0
56821,0
31284,1
15270,1
19452,0
15539,0
41842,0
28849,1
25088,1
39581,0
49123,0
37269,1
35556,1
12391,1
19733,1
49664,0
26198,1
36792,1
55670,0
11380,1
38326,0
53533,0
42897,0
30650,0
28022,0
49028,0
55879,1
51296,0
52590,1
21170,0
36372,0
31296,0
40100,1
26330,0
47948,1
12906,1
22730,0
35955,0
35110,0
13307,0
31210,1
25641,0
35417,0
14657,1
30377,0
41378,0
45447,0
22821,0
13449,1
48900,0
54727,0
34011,0
54011,0
46568,0
32240,0
52698,0
37050,1
40693,1
54389,1
22760,0
39261,0
35644,0
25422,1
16114,0
22848,0
26959,1
55397,1
29961,0
13136,0
34394,0
21452,0
45049,0
38207,1
22716,1
15674,1
49736,1
51854,0
49690,0
20963,0
13356,0
16853,0
26506,0
37617,1
51154,1
46666,0
18700,1
12792,1
27178,1
13530,1
50854,0
30870,1
51904,0
45467,0
47505,1
10520,1
29622,0
11842,0
44516,0
34404,1
26926,0
38467,0
43870,0
19527,1
27977,0
50991,0
55467,0
22091,0
19777,1
51908,0
55884,1
42389,0
20252,1
54116,0
10884,1
49038,0
29146,0
30440,0
19700,0
39642,0
52284,0
45726,1
30361,1
37848,1
50201,0
19639,0
19137,1
38735,1
12178,0
15431,0
18251,0
14906,0
25353,0
31661,0
23390,1
54115,1
22057,1
11241,0
49475,0
19628,1
32556,1
22444,0
36157,0
18591,0
26919,0
33271,0
41178,0
52926,1
32956,1
18788,1
56492,0
56629,0
22601,0
47175,0
27102,0
12612,0
52974,0
50748,0
18707,1
38318,0
32579,0
36475,1
55570,0
32821,1
33166,0
20272,1
19238,1
51747,1
45871,0
22400,1
56709,0
53056,1
52749,0
32172,0
47366,1
22381,0
49226,1
53104,0
39260,0
48564,0
16276,1
22596,0
21737,1
55586,0
12626,1
45580,0
32137,1
20642,0
56155,0
16942,1
21168,0
19190,0
25258,0
12010,0
17185,1
45661,1
22799,1
54768,0
13068,1
46516,0
11135,0
25204,1
33887,0
30515,0
38558,0
40720,1
54992,0
39013,1
22326,1
15230,0
50812,1
32618,1
14705,0
12052,1
50292,1
20228,1
13116,0
29494,0
33417,0
19429,1
11888,0
40313,1
56096,1
56123,0
38500,0
34020,1
24657,0
11805,0
47099,0
54640,1
41562,1
42832,0
23802,0
35537,0
31142,0
37210,0
43108,0
16062,0
25067,0
33034,0
46951,1
31453,0
30972,1
51986,0
10363,1
19114,1
47083,0
10487,0
37005,1
22846,1
28632,0
23921,1
18080,1
15249,0
16827,0
46626,0
15831,0
27865,0
26772,0
36583,1
39626,1
22084,0
52352,0
24095,0
26655,0
24007,0
57134,0
47203,1
38438,0
46114,1
31792,0
43222,1
37668,1
37492,1
19279,1
13048,0
56538,1
18560,0
55301,0
22465,0
25009,0
23015,1
38359,1
48511,1
32994,1
37651,0
40545,0
11200,0
22007,0
49421,0
26466,1
16130,0
31387,1
34157,0
48694,1
24630,0
55072,0
53037,0
43474,0
10409,1
38375,0
17089,1
36338,0
35714,0
36633,0
55946,0
55643,0
45213,1
49287,0
32593,1
47906,1
27690,0
43695,0
32830,0
55899,0
35784,0
17950,0
23437,0
11701,1
13398,0
28123,0
10172,0
53169,1
26626,1
32576,1
44654,1
33713,1
12469,1
40170,1
42079,1
17867,0
35092,1
20737,0
16333,0
33286,1
53335,1
21031,0
21195,0
54290,0
54941,0
49039,0
21077,0
56851,0
39123,0
12432,1
35966,1
44045,1
28952,1
21321,0
38841,1
47364,1
45765,0
34544,0
25163,0
23120,0
16550,0
16339,0
23533,0
24994,0
34582,0
12665,1
38635,1
40229,0
48575,0
42960,0
30429,0
49091,1
24394,0
26900,1
26017,1
43685,1
39761,0
51173,0
42663,0
11570,0
22175,0
10839,1
46904,1
50282,0
28148,1
16317,1
33527,1
49999,1
32577,0
49605,0
13046,0
22308,1
28733,0
52532,1
21689,1
29491,0
34846,1
40145,1
11763,0
56029,0
19835,0
33980,1
47383,0
50146,1
50259,1
36225,0
12925,1
19478,1
33239,0
38478,0
48925,0
17964,0
40216,0
57172,0
17736,0
45031,1
49430,0
49392,1
46940,0
15186,0
33306,1
21089,0
39622,1
30671,1
48778,1
39314,1
38194,1
18637,0
34309,1
33744,0
18369,1
30289,0
22882,0
24906,0
32130,0
30014,1
25195,1
30283,0
44175,0
28006,0
39433,0
23135,1
45742,0
19056,0
20961,0
32357,0
36161,0
37570,1
38239,0
41636,1
13971,1
25253,0
12865,0
50444,1
31194,1
46170,0
38260,0
16033,1
49728,0
14062,0
28606,0
29964,1
32189,0
52839,0
21781,1
49939,1
23990,1
24993,0
15610,1
15565,1
41536,1
43419,1
25612,0
38768,1
10955,0
52277,0
53246,0
17440,0
54922,1
44133,1
25915,1
29886,0
32405,0
52144,1
31771,1
35862,1
30505,1
11377,1
32712,0
48244,0
47166,1
16019,1
56205,1
23193,1
30658,1
25634,0
20115,0
21634,0
20940,0
45505,0
32614,0
55081,1
23807,0
45985,0
14855,1
43306,0
39823,0
44040,0
44827,1
50793,1
40406,0
37098,0
22787,1
45846,0
38833,0
44039,1
13718,0
47010,1
37939,1
10022,0
29077,0
56258,0
23612,1
21242,0
48869,0
49740,0
16929,0
15137,1
35827,1
16508,0
15930,1
50891,0
21337,0
11244,0
26859,0
45154,0
55376,1
46508,0
44346,1
36494,0
35427,1
49272,1
51092,1
54407,1
51411,0
49471,1
13654,0
20098,0
42471,1
43655,1
18497,0
33471,1
47625,0
53269,0
41924,0
21167,0
32779,0
47827,0
12376,0
35998,1
14760,1
21775,1
11026,0
38515,0
41018,0
55122,0
41788,0
22314,0
20945,0
25304,0
46676,1
43458,0
32095,1
17908,1
35813,0
40250,1
27417,0
22523,0
10463,1
13086,1
52238,1
15162,0
21975,0
21450,0
52429,1
32382,0
37862,0
54423,0
20733,1
10051,0
32791,1
35045,1
32539,1
57082,0
30648,1
24083,1
35491,1
37938,0
38338,0
24668,1
50797,0
35376,0
34566,0
18955,0
51888,0
37179,1
36568,1
52020,0
35250,0
55089,1
43605,0
45776,1
33584,1
47391,0
43140,1
24793,0
42370,1
27572,0
56839,0
37544,1
53649,0
51516,0
36196,0
52079,1
46122,0
21027,0
49454,1
17881,0
32518,0
46881,1
40358,0
41184,0
21308,0
28713,1
56741,0
25731,1
17088,0
17133,0
33732,1
53583,0
50799,0
15497,1
55997,0
23321,0
37061,0
27174,0
19821,1
47195,1
32157,1
50650,0
43428,0
38076,1
47667,0
42376,0
25646,0
15009,1
41082,1
50730,1
29665,0
53999,1
27793,0
28963,1
41156,1
22565,0
24494,0
34651,1
22217,0
55329,1
31241,1
26056,0
47628,1
56782,1
29271,0
55130,0
37174,1
26661,0
27768,0
10159,1
44404,0
20926,1
16976,0
52410,0
28348,0
16529,0
56721,0
23727,0
30293,0
39352,1
54356,0
12481,0
20467,0
38373,0
26545,1
39774,1
27327,0
22515,0
12803,1
54402,0
18309,0
37894,0
50431,1
23392,0
51371,0
30450,1
22008,0
55814,1
50484,0
44804,0
56559,0
35198,0
16120,0
25972,0
41446,1
24036,0
10091,0
56819,1
44426,1
48422,0
37246,1
52081,0
54382,0
28759,0
14175,1
45512,0
31619,0
14113,0
19198,0
32297,1
16164,0
41919,1
54421,0
33775,0
26734,1
10608,0
28962,1
52763,0
43532,0
34721,0
49380,0
23146,0
56542,1
13956,1
28136,0
16743,0
33216,0
17505,1
37683,1
43868,0
56228,0
14900,1
38891,0
44967,1
40736,1
36317,0
29164,0
49198,0
15684,0
53807,1
45760,0
19386,0
27818,0
55576,0
52275,1
54362,0
46952,1
33480,0
30821,1
11080,0
39527,0
51563,0
28091,0
29381,0
11648,0
21640,1
51924,0
34597,0
18607,0
49405,1
47826,0
36897,0
51082,0
45576,1
20920,1
30475,0
26934,0
18458,1
34786,0
30638,0
40108,1
55493,0
50936,1
16157,0
38661,1
56561,0
20353,0
46675,0
30227,0
53308,1
51995,1
47531,0
34534,0
22401,0
48246,0
48139,1
48590,1
34252,0
51147,0
24289,0
26930,0
56786,1
25804,1
28491,1
47744,0
14465,0
22342,0
47122,0
47971,1
53251,0
22964,0
32533,0
45041,1
48085,0
55120,0
11801,0
39871,0
21410,0
47735,1
53127,1
35095,0
28576,0
28195,1
49870,0
17743,0
47634,1
28762,0
18760,0
36193,0
56943,0
50166,0
29261,0
42991,1
29487,1
43326,0
46119,1
46446,1
10892,1
24317,0
12731,0
51143,1
43619,0
34978,1
13500,0
44762,0
34049,0
39649,1
45442,1
22156,1
19583,1
30144,0
15804,0
43278,0
13133,1
44518,1
30249,0
29371,1
36431,0
32223,0
29459,0
55451,0
53371,1
12162,1
48782,1
10755,0
43116,0
39012,1
14249,0
24465,0
38643,1
13726,1
50523,1
48237,0
27465,1
43314,1
50572,1
16430,0
30664,0
45403,0
51955,1
55154,1
55475,1
53330,0
26091,1
10946,0
32952,1
48329,0
49105,0
51835,0
33364,1
10032,0
17734,0
20040,1
39741,1
33137,1
17616,1
19247,1
23434,0
44631,1
38184,1
17538,1
40561,1
30426,1
14947,1
35224,0
13773,1
30550,0
31231,1
32238,0
36972,0
43561,0
31567,1
40994,0
43087,0
33122,0
18320,0
45099,0
10620,0
25357,1
46778,0
50816,0
41304,1
13007,0
46941,1
13645,0
51698,1
43320,1
48566,1
35779,0
31883,0
19928,1
30315,1
25405,1
10459,0
57051,1
28804,1
44181,0
18566,0
56307,0
36429,1
13486,1
53571,1
50040,0
34366,1
45710,0
55087,0
19285,1
26646,0
21200,1
34776,1
53867,1
43558,0
16163,0
27874,0
43999,0
37430,0
46680,0
47273,0
46091,0
56452,1
24642,0
25450,0
11427,0
22690,0
51932,0
49686,1
48290,0
44571,1
17995,0
37677,0
36883,0
51569,1
12226,1
33414,1
37716,0
15022,1
49895,1
42748,0
20689,0
33300,0
53820,1
42995,1
52154,0
26598,1
35165,0
49209,1
27302,1
12720,0
37995,0
32564,0
42763,0
39014,0
38306,1
27003,0
13989,1
24537,0
33886,1
55207,0
39952,1
30263,1
47488,1
36376,0
55680,1
25156,1
16405,0
29433,0
56139,1
14332,1
16921,1
23147,1
14385,0
16077,1
28498,1
18120,0
45979,0
11258,0
17858,1
56553,0
12170,0
56416,0
54030,0
35890,1
19747,1
14466,0
39591,0
29386,1
37439,0
48393,0
43388,0
25542,0
43118,0
32528,0
25412,1
14713,0
29284,0
40028,1
13585,0
16191,0
19854,1
38764,1
29887,0
33944,1
54261,1
12898,0
50756,0
41757,0
26418,0
47238,0
33081,1
54245,0
10104,0
28193,0
34869,1
34572,0
51846,0
16872,1
18276,0
18824,0
51798,0
17575,1
30326,0
18579,0
30768,0
18656,1
10766,1
21394,0
19380,0
21876,1
29506,1
45807,0
34878,0
11696,1
33152,0
28824,1
22638,0
42142,1
35365,0
36251,0
49916,1
29497,0
15587,0
45490,0
28415,1
35484,0
19314,0
53547,0
41345,0
39900,0
11604,1
43866,1
45408,0
35728,1
36454,0
11970,0
21529,1
49860,1
29755,0
28033,0
41589,0
21219,0
17991,0
23331,0
46475,0
26374,0
13109,1
10100,1
41894,1
55819,0
42654,0
16268,0
47804,1
18850,1
20030,0
51325,0
41168,1
15776,1
40708,1
20143,0
50244,0
31570,0
50591,0
48226,1
46858,1
32846,0
18841,1
45839,0
49824,1
12920,0
14701,0
17551,1
40253,0
28453,0
52035,0
38125,1
44887,0
47623,0
38104,1
55521,0
40535,1
10725,1
42207,0
16097,0
11731,0
28584,0
43707,0
38950,0
45929,0
34259,1
17055,1
42327,0
56344,1
22190,0
43742,1
56116,0
44663,0
23307,0
25805,0
53734,0
23483,0
22696,0
47348,0
24281,0
10983,0
49742,0
21268,1
20980,0
21076,0
43357,1
44546,0
28510,1
55532,0
56793,1
13245,0
24466,0
43852,0
28994,1
23474,0
20067,1
32125,1
15901,0
12725,0
25145,1
16104,0
10557,1
14024,0
28976,0
16056,0
48272,1
45989,0
22189,0
18253,1
15037,0
38797,0
49057,0
33893,0
55693,1
48499,0
14631,1
46370,1
37993,0
39419,1
51762,0
24761,1
25912,1
37498,0
37551,0
30508,1
42020,0
48021,1
40154,1
49514,1
48317,0
19076,0
50088,1
47392,1
20255,0
57054,0
40919,0
41321,1
28848,0
49826,1
47660,0
43002,0
35793,1
49138,1
38316,0
23070,1
35347,0
55952,0
22812,0
32627,1
37384,0
30005,0
36654,0
45103,0
15235,0
44231,1
56005,1
46870,0
42542,0
13641,1
15329,0
16342,0
55761,0
29173,1
23454,1
39639,1
54697,1
14590,1
38723,0
18618,0
16127,0
55673,1
57108,0
20126,0
14212,0
51138,1
11386,1
14187,1
37176,0
52080,0
39991,0
13510,0
25395,0
38474,0
33573,0
49897,1
26688,0
38664,1
20535,1
20766,0
51528,1
48572,1
49656,0
28143,1
44308,0
38081,1
10754,0
45263,0
42391,0
27930,0
22424,0
18288,1
31208,1
36867,0
46469,1
20672,1
16587,1
10192,1
54618,0
53539,0
26711,1
55575,0
18421,0
39354,0
24349,1
15998,0
17391,0
22030,0
56803,0
29745,0
13131,0
33714,0
47548,1
36099,0
24321,1
48125,0
27961,1
24992,0
29817,1
37702,1
28517,0
16822,1
44360,0
55068,0
43779,1
52505,1
16473,0
44199,0
31499,1
22300,0
37391,1
27220,1
15907,1
12044,0
29367,1
51534,1
40403,0
23216,0
10729,1
34286,0
51529,0
20583,1
38144,0
18271,1
10730,1
45106,1
12850,0
13559,0
54194,1
49648,1
25697,0
20854,0
38885,1
43173,1
52176,0
44907,1
38082,1
43867,1
11791,0
15233,1
54953,0
35646,0
26299,1
40569,1
50279,0
37052,0
23555,0
24819,0
52329,1
45662,1
48009,0
15571,0
48592,1
51341,1
54214,0
42770,0
15298,0
14971,0
29230,0
24967,0
24833,1
52592,0
47579,0
16830,1
53433,0
49463,0
39007,1
25448,0
55614,0
22010,1
20214,1
42085,1
41219,1
28854,0
33232,1
12444,0
57125,1
15750,1
52060,0
34920,0
27689,1
47244,0
29422,0
56526,0
54528,0
54071,0
42802,0
25442,1
20349,1
24593,1
53062,1
33599,1
53234,0
20948,0
45867,0
27161,0
40748,0
31021,0
31024,0
53824,0
37048,0
37373,0
35657,0
53188,0
43072,0
31186,0
45872,1
34600,1
29251,0
33362,1
48063,0
18187,0
47044,0
50476,0
29561,1
24585,0
31735,0
27565,1
20852,0
33719,0
16798,0
17896,0
35835,0
43510,1
31988,0
30358,0
47972,0
55892,1
14114,1
14045,0
17746,0
39787,1
12569,0
40634,0
16720,0
36039,1
39529,0
17475,0
43214,0
34695,0
11895,1
47230,1
56308,0
34055,1
36930,0
41048,0
48004,0
52831,0
20041,0
29685,0
22076,1
22450,0
31665,1
26352,0
40992,1
36881,1
17110,1
39589,0
30032,0
32848,1
30124,0
48706,0
48803,0
36574,1
55961,0
10026,0
46491,0
33380,1
13702,0
53874,0
39919,0
14345,0
37708,0
50772,0
56332,0
48604,0
17997,0
19184,0
43250,1
54886,0
54361,0
40203,0
39765,0
45228,0
31157,1
45665,0
30228,0
53584,1
31367,0
48287,0
16021,0
55565,1
16998,0
33800,0
14648,1
11308,0
48218,0
52665,0
12955,0
37496,0
42015,1
24319,1
52231,0
14176,0
23360,0
36470,0
44058,0
30470,0
28550,0
41088,0
25074,0
14295,1
16088,1
44859,1
32234,0
41554,0
47944,1
55436,0
47717,1
25966,0
20166,1
56396,0
28655,0
25772,0
20608,1
28349,0
10094,0
16351,0
15145,0
46261,1
22952,0
54989,1
13897,1
21457,0
15737,1
12897,1
35992,0
14689,1
53670,1
28145,0
45207,1
17008,0
21232,0
32651,1
30031,0
35911,0
40989,1
27347,1
52876,1
15092,0
30631,0
56558,1
20203,1
45057,0
13762,0
28024,1
17004,0
21641,0
43425,0
28003,1
52210,0
25292,0
55051,1
38166,0
52273,1
39410,0
23227,0
33331,0
11792,0
45998,0
16734,0
25095,0
19749,1
56984,1
35605,1
11002,0
15161,1
30933,0
43305,0
46644,1
27000,1
36894,0
12276,1
57083,0
20541,1
15075,0
55710,0
39632,0
35350,0
30097,0
28245,1
50219,0
22074,1
11606,0
13670,0
40264,1
53968,0
43787,1
54604,0
18937,1
43346,1
34698,0
14500,1
11526,0
28901,1
33085,0
55534,0
23387,1
49096,1
14193,1
14720,0
52973,0
44256,0
15363,0
53579,1
15014,0
11578,0
21245,0
53082,0
55770,0
41241,1
27880,0
40133,0
47967,0
30684,0
15477,1
47266,0
51157,0
13986,0
20070,0
21621,0
45069,0
19796,0
16183,1
28212,0
45301,1
15051,1
45229,1
42761,0
25027,0
44405,0
33616,1
19718,0
47439,0
31730,1
33532,0
40610,1
50191,0
33964,0
40238,1
19098,0
31485,0
12761,0
30385,0
22792,0
51011,0
48777,0
53092,1
47000,0
52427,1
21158,0
22543,0
42028,0
50661,1
10438,1
33797,1
33446,0
31646,1
38844,0
27025,1
28254,0
15957,0
56720,0
23175,1
22530,0
48621,1
28538,0
46385,0
23007,1
46109,0
19818,0
49638,0
18299,0
43158,1
48058,0
50414,0
23084,0
30811,0
22709,1
35293,0
17229,0
31266,0
47584,1
27245,0
19622,0
57148,0
50747,0
13115,0
16018,0
18529,0
34953,1
21578,1
52771,1
36915,0
41956,0
22160,0
48578,0
43798,0
56987,1
17083,1
22363,1
45620,0
16799,1
32225,1
55525,1
35707,1
32561,0
56511,0
42958,0
35671,1
52186,0
27470,1
14192,0
30478,0
46444,1
27949,1
18351,1
24452,1
14484,1
39519,1
10113,1
12356,0
43815,0
16253,1
39590,0
25446,0
47162,0
33690,0
25588,0
55387,0
47296,0
20664,0
20389,0
32419,0
31691,0
13435,0
51239,0
37266,0
21409,0
55617,1
19778,1
17422,0
28985,0
10331,0
32697,0
41665,1
25406,1
49125,1
34356,1
16415,1
23402,1
18322,0
21100,0
20933,0
36655,0
39863,1
21632,1
21315,0
12392,0
45935,1
44376,0
47519,1
30146,0
10786,0
41001,1
10407,1
29241,1
48901,0
24506,1
50584,0
26835,1
30992,0
46957,0
20825,1
39930,1
46585,0
56971,0
28390,1
11931,0
47738,1
35716,0
32098,1
51225,1
22880,0
30383,1
21750,1
11744,0
10391,0
11845,0
48474,0
40685,1
20053,1
26589,0
19393,0
35161,1
18538,0
16353,1
36237,0
44587,1
34673,0
21673,1
11497,1
41682,1
18014,1
11577,0
14127,0
22926,1
41403,0
23740,0
57105,1
10495,0
55963,1
15376,0
19298,0
42231,0
30761,0
16868,1
17613,0
33844,1
18648,0
45763,1
46716,1
51914,1
47234,0
37378,0
30077,1
19898,0
22783,0
52785,1
45157,0
10393,1
28680,1
10900,0
54688,0
53012,1
33039,1
23319,0
26025,0
45761,1
36966,1
49635,0
20621,0
23393,1
50003,1
19623,0
15860,0
57007,1
13568,1
38771,0
37418,0
36446,1
23372,0
50875,0
10060,0
43705,0
25919,0
44578,0
44189,1
31392,1
55955,0
16527,0
40214,1
13753,1
29237,1
44874,0
46254,0
10929,1
37847,0
30884,1
14358,1
30479,0
53331,0
16511,1
18350,0
36366,0
16694,1
27416,1
27092,0
15316,0
24710,0
31898,1
34010,0
10149,1
22463,0
29036,0
54502,0
25099,0
23053,0
11400,0
44347,1
17533,0
16911,0
44878,0
18899,1
28929,0
42838,0
44349,0
53336,1
19332,1
55294,1
38473,1
27548,0
10216,0
33655,1
42463,0
50269,1
17782,1
29918,1
17521,0
29879,0
16370,1
20914,1
15065,1
14082,1
45249,0
39407,0
45523,0
33141,1
36360,1
43183,0
36273,1
56895,0
39955,1
13592,1
35081,0
20302,1
55298,0
30054,1
16706,0
28771,1
31994,0
20501,0
20341,0
44842,0
35672,0
20202,0
31394,1
39663,1
51024,0
32283,1
36491,1
26136,1
14579,0
36665,1
54155,0
26105,1
28239,0
37023,0
46259,0
51113,1
40759,1
15011,0
53878,0
13352,0
18767,0
49472,0
48909,1
37531,0
50985,0
10469,1
55843,0
29127,0
40011,1
45564,0
22679,0
52113,1
38763,1
19351,1
24666,0
26192,1
19918,0
16750,1
11446,1
32936,1
33582,0
22164,0
38816,0
55716,0
55161,0
33015,0
37199,0
23475,0
42430,0
39865,0
48397,0
47904,0
53671,0
46402,1
15325,1
16110,0
50527,0
48962,1
27618,0
37580,0
55751,0
21715,1
37434,1
40702,0
24524,1
55119,0
12167,0
45970,0
10974,0
30560,0
11301,1
35604,0
33782,1
53155,1
33045,0
23725,1
49162,0
38622,1
14809,0
28822,0
26066,1
34372,1
14669,1
33155,0
42331,1
47303,1
22944,1
18081,1
21520,0
18822,0
13259,0
42638,1
14591,0
28050,1
31814,1
38381,1
49850,0
13537,0
29331,1
28872,0
20061,0
19800,0
35363,0
32753,0
44543,0
44254,1
41550,0
24544,1
42081,0
51188,1
45294,0
39748,1
50365,1
56867,0
36595,1
52469,0
38980,0
28461,0
46931,0
41524,1
36771,0
54729,0
25245,1
42494,1
51786,0
29814,0
56227,1
42790,1
43393,1
11264,1
23001,1
26012,0
17458,0
36167,0
27783,1
47596,0
31562,0
46399,1
22906,1
45616,1
26326,1
49253,1
38062,1
19968,0
27430,1
56931,0
10644,1
10090,0
10005,1
52156,1
23572,0
21349,1
38066,0
39384,1
22070,1
14904,0
34026,1
14935,1
39706,0
32036,0
37450,1
38824,1
12699,0
26611,0
33593,1
37635,1
16345,0
52239,0
18392,1
38537,0
45009,0
46602,0
38613,1
30567,0
57079,0
29358,0
55845,0
16553,1
40820,0
36948,0
51088,1
30079,1
19681,0
48378,1
45513,1
36204,0
48725,0
20297,0
28857,0
51559,0
12417,0
33640,0
44245,0
17772,0
15342,1
44898,1
48405,1
32466,0
21771,0
23617,1
46541,0
39857,1
22130,0
24975,0
23566,1
39898,1
29328,1
34581,0
32441,0
26799,0
49300,1
10682,0
39010,1
29480,1
30360,0
21284,0
49265,1
20659,0
11616,1
30120,0
50095,0
37737,1
17474,1
43139,0
30521,1
37382,1
11715,0
55796,0
43665,1
12881,0
50552,1
56585,1
43553,0
49140,0
41447,1
33180,0
52634,0
40799,0
26165,0
41802,1
32768,1
31057,0
40704,0
41988,1
41468,1
39452,1
49880,1
48635,0
49133,0
21040,0
42926,0
53117,0
47976,0
39541,0
23281,0
21819,0
46332,0
17070,0
12705,0
24801,0
48351,0
25808,0
21817,0
48460,1
26393,0
56928,1
38078,1
10278,1
26286,0
49976,1
11406,1
25568,0
24247,0
27268,0
47336,1
50540,0
20428,1
51394,1
48938,1
16770,1
48087,0
48998,1
53303,0
29503,0
40451,1
53809,1
23607,0
53456,1
17416,1
30702,1
18249,1
13925,1
35790,1
11279,0
50553,1
46740,0
24185,0
42178,1
31089,1
47172,1
34201,0
12092,1
42007,0
46247,1
38234,0
44553,0
32540,0
53368,1
21756,0
11238,0
15526,0
42211,0
21434,0
46509,0
56623,1
40599,1
22935,0
23536,1
16724,0
13420,0
26981,1
52631,1
44533,0
43715,0
44324,0
16569,0
11253,0
23906,0
37527,0
38906,0
36358,1
55945,0
36424,0
56408,1
33656,0
10523,0
29613,0
18807,1
55243,1
23374,1
30993,0
50411,1
23110,0
48113,0
54460,1
10641,1
45427,0
52798,1
56417,0
46783,0
36895,0
44997,1
34100,1
11653,0
47850,0
19185,0
55126,0
20180,0
42893,0
45416,0
28229,0
40017,0
52501,0
40890,1
32875,0
38073,0
26692,1
12717,0
29910,0
44436,0
11063,0
11156,0
54269,0
18465,0
36932,1
56609,0
31543,0
52056,0
37149,0
56149,0
29208,0
24330,0
52762,0
11975,0
10872,0
20465,0
54538,0
18227,0
32237,1
53597,0
41242,1
35959,0
39636,0
43081,0
47549,1
32976,1
13099,1
24927,0
40414,0
23069,0
11539,0
14865,1
48636,0
30848,0
36784,0
18207,1
14255,0
28930,0
41316,0
14210,0
23254,0
46015,0
20221,0
10473,0
27787,1
27186,1
39245,0
42146,1
20830,1
28074,1
31000,1
54458,1
31775,0
17167,1
22960,1
17283,0
32834,1
30434,1
10345,1
54013,0
29803,0
47722,1
18595,0
19819,0
24480,1
21788,1
52828,0
24554,1
32408,0
34574,1
21423,0
49865,0
40679,0
53309,0
18802,1
24022,0
32461,0
15880,1
43358,0
27483,1
45511,0
56137,1
13268,1
45364,1
53676,1
52187,1
55112,0
22918,0
22890,1
39724,0
43920,0
18107,1
54796,0
31029,1
38531,0
32836,0
45790,0
15272,0
37609,1
41607,1
33242,0
14456,1
46855,0
28473,1
21000,0
25709,1
47270,0
50688,0
25186,1
46007,0
12070,0
28625,1
51153,0
53894,0
20463,0
49061,0
10965,1
42386,0
35264,1
42531,1
39304,1
37713,0
56491,0
20924,1
26302,0
18058,0
36610,0
14008,0
35214,1
51863,0
21550,1
17843,1
46047,0
30966,0
55094,0
55838,1
45128,0
50658,1
11448,0
45683,1
55149,1
35419,1
14839,0
33263,0
30340,0
33252,1
15695,0
21679,0
50178,0
48117,1
46207,0
42411,1
49793,0
44746,0
41907,1
11047,0
28501,0
45900,0
32126,1
57152,1
30980,1
19395,0
39087,0
55984,0
39416,0
42673,0
14793,0
39216,0
34693,1
23420,0
46344,0
41983,0
25360,0
14364,0
24211,0
32133,0
40715,0
51885,0
37014,0
31374,1
44705,0
46191,0
47822,0
33529,0
41645,0
26314,1
49858,0
45691,1
37197,1
39917,0
52641,0
13882,0
22703,0
27855,1
11674,1
18774,0
28835,0
52037,0
33486,0
16413,0
55288,0
21857,0
54385,0
29106,0
20483,0
56024,1
32009,0
19463,0
40247,0
48951,1
13793,0
22602,0
56106,1
10384,1
46773,1
27169,0
27219,0
41673,1
10302,0
17851,0
14890,0
18259,0
48514,1
24337,1
15036,1
17468,0
25457,1
20182,1
50042,1
27800,0
47250,0
17073,0
33061,1
51027,0
44363,0
50163,0
33706,0
13966,0
37065,1
53710,1
39160,0
42172,0
20977,0
53458,1
37864,0
38743,0
18003,0
17204,1
57018,0
33902,1
56041,0
18731,1
51289,0
29448,0
52856,0
21110,0
10667,0
56543,1
50753,1
53421,0
10901,0
18837,1
15628,1
55903,1
54294,1
44051,1
11783,1
25514,1
32132,1
37613,1
19400,0
19703,0
28690,0
20477,0
17162,1
20020,0
48320,0
29195,0
34487,1
56941,0
19373,0
30580,1
55769,0
24609,0
45356,1
26445,0
18517,0
26787,1
19843,0
24670,1
27170,0
28529,0
16212,0
40491,1
11564,1
52626,1
52476,0
17076,1
12684,0
51035,0
15603,0
55140,0
56009,1
40710,0
43809,1
49345,0
10024,0
33850,1
31945,1
26552,1
27546,0
14835,0
26876,1
27344,0
45476,0
30754,0
31923,0
28084,1
23348,1
45702,0
25727,0
45966,1
30441,1
30058,1
